ticker,매출액(억원),영업이익률(%),순이익률(%),당기순이익(억원),ROE(%),ROA(%),ROIC(%),EPS(원),BPS(원),SPS(원),PER(배),PBR(배),PSR(배),price,price2
AK홀딩스,33924.547,7.83,5.465,1854.1401,15.075,6.521,19.0424,7521.565,54400.082,256081.45,9.10715,1.25919,0.26749,68500.0,54000.0
BGF,1243.4636,8.807,2813.01,34978.754,428.572,252.034,11.595999999999998,74961.766,21957.125,2664.998,0.20344,0.6945399999999999,5.72233,15250.0,8070.0
BNK금융지주,48097.848,12.357,8.835,4249.6406,5.825,0.452,,1236.7494,21654.248,14756.872,7.616739999999999,0.43502,0.63835,9420.0,7330.0
BYC,1958.1581,8.788,3.161,61.90456800000001,1.5630000000000002,0.8370000000000001,7.5038,7378.9243,478514.4,233114.06,41.46946,0.63948,1.31266,306000.0,246000.0
CJ,268986.0,4.9289999999999985,4.23,11377.284,12.098,4.039,5.0327,13001.959,120209.19,754228.4,13.16327,1.42375,0.22691,171148.0,121500.0
CJ CGV,17143.871,5.0310000000000015,0.585,100.363686,-0.412,0.401,3.2965,-66.27831,14554.168,81015.164,-1119.5216,5.0982,0.91588,74200.0,41000.0
CJ대한통운,71103.914,3.314,0.762,541.7865,1.993,0.918,3.2892,2050.3882,133252.6,311690.5,68.27975,1.05064,0.4491600000000001,140000.0,167000.0
CJ씨푸드,1646.2971,3.984,2.7880000000000003,45.900494,7.959,3.826,6.4541,127.03989,1662.125,4556.4956,22.63069,1.72971,0.63097,2875.0,2320.0
CJ제일제당,164771.73,4.713,2.505,4127.9775,10.912,2.53,3.9715,25536.31,238581.83,1136731.1,14.332529999999998,1.53406,0.32198000000000004,366000.0,330500.0
CS홀딩스,1209.5983,14.084,11.793,142.64795,2.741,4.784,14.4624,5106.611,188452.25,104774.11,15.70513,0.42557,0.76546,80200.0,63900.0
DB,1968.1588,1.955,-0.486,-9.573317,-0.659,-0.464,-45.7592,-5.22617,774.71497,1074.4371,-125.9049,0.84934,0.61241,658.0,831.0
DB금융투자,9098.924,2.457,1.689,153.69818,0.728,0.067,,104.46064,14713.186000000005,21436.273,38.3398,0.2722,0.18683,4005.0,4445.0
DB손해보험,178552.86,4.8610000000000015,3.748,6691.9634,15.213,1.435,,9338.219,73114.64,252193.31,7.62458,0.97381,0.28232,71200.0,70400.0
DB하이텍,6797.3774,21.066,16.208,1101.7509,27.623,11.125,17.6931,2475.2236,10531.223999999998,15271.173,4.84805,1.13947,0.78579,12000.0,10850.0
DGB금융지주,36417.68,11.237,8.685,3162.713,7.968,0.574,,1786.6846,23087.773,21530.506,5.90479,0.45695,0.49,10550.0,8310.0
DRB동일,5439.2935,6.83,3.517,191.30817,5.363,2.775,5.8493,901.53015,17555.217,27291.988,8.52127,0.4376,0.28148,7682.0,6560.0
DSR,2263.7158,6.1370000000000005,4.873,110.30447,8.155,5.2029999999999985,6.68,692.0578,8720.983,14148.223999999998,7.47047,0.59282,0.36542,5170.0,3990.0
DSR제강,1775.4521,1.396,2.825,50.151638,3.911,2.596,2.0135,348.27527000000015,9031.6875,12329.528,15.04557,0.58018,0.425,5240.0,4300.0
E1,44082.164,2.125,1.968,867.6251,7.394,2.477,4.48,12305.583,171186.95,642597.1,4.62392,0.33239,0.08855,56900.0,55800.0
F&F,5605.1816,17.504,13.36,748.8783599999997,28.656,21.224,37.7072,4862.8467,19217.883,36397.285,8.62663,2.18286,1.15256,41950.0,40050.0
GKL,5012.955,21.57800000000001,16.066,805.3857,15.329,11.017,,1302.0402,8601.515,8104.278,22.46474,3.40056,3.60921,29250.0,24900.0
GS,155800.62,13.099,7.007999999999999,10919.04,13.423,5.157,12.185,10413.821,81649.75,164519.84,5.97283,0.76179,0.37807,62200.0,51600.0
GS건설,116794.56,2.728,-1.401,-1636.7609,-5.224,-1.209,9.6573,-2358.7234,45095.22,163602.19,-11.99802,0.62756,0.17298,28300.0,43750.0
GS글로벌,33873.89,1.418,0.664,224.9562,6.224,1.651,5.6877,256.40802,4454.088,41042.465,10.90059,0.62751,0.0681,2795.0,2465.0
GS리테일,82665.67,2.005,1.392,1151.0186,5.877999999999999,2.346,5.7875,1534.6041,26368.758,107358.016,26.26084,1.52832,0.37538,40300.0,40500.0
HDC,15210.229,5.625,27.197,4136.6636,14.364,6.712999999999999,2.4625,5168.7876,40000.293,20176.951,7.819889999999999,1.0104799999999998,2.00325,28663.0,17250.0
HDC현대EP,9143.535,4.5360000000000005,3.395,310.42188,11.394,5.218,7.8222,973.1093,9055.712,28663.12,6.98791,0.7509100000000001,0.23724,6800.0,4295.0
HSD엔진,7688.703,1.753,-1.345,-103.432396,-1.92,-0.799,8.7165,-148.8236,7815.3945,11062.882,-23.41027,0.44579,0.31493000000000004,2569.0,5280.0
JB금융지주,22919.18,15.184,11.538,2644.41,7.8610000000000015,0.5660000000000001,,1190.5859,15894.845,14744.767,5.098330000000002,0.38188,0.41167,6070.0,5700.0
JW중외제약,5029.186,4.3180000000000005,-0.14800000000000002,-7.4247437,-0.271,-0.116,2.278,-32.93536,12016.497,22308.922,-1312.4614,3.59725,1.9376400000000005,43226.0,39641.0
JW홀딩스,6811.6367,6.124,8.349,568.6973,38.223,4.471,4.5635,815.85474,2504.8489,10287.151,9.7851,3.1871,0.77604,7983.0,6940.0
KB금융,392292.66,10.235,8.523,33434.61,10.183,0.823,,7919.9873,85301.95,93824.88,8.00506,0.74324,0.67573,63400.0,46500.0
KC그린홀딩스,3524.0728,5.604,2.657,93.61783,3.2060000000000004,1.905,6.1765,228.76149,7327.3423,15707.938,22.7311,0.70967,0.33104,5200.0,3725.0
KC코트렐,1684.7046,2.0540000000000003,4.088,68.8702,9.265,4.127,10.864,517.2763,5861.0835,12959.267,9.26004,0.81726,0.36962,4790.0,4260.0
KEC,2262.8887,2.907,0.603,13.6501,0.454,0.3670000000000001,2.1657,9.90117,1960.7672,2383.015,130.28761,0.65791,0.54133,1290.0,1035.0
KG케미칼,10994.848999999998,6.935,0.928,102.07707,1.882,0.7440000000000001,9.4962,362.24158,20013.44,93821.77,67.63441999999999,1.2241799999999998,0.26113000000000003,24500.0,17400.0
KISCO홀딩스,12212.537,7.972,-0.593,-72.41887,1.705,-0.485,9.3725,696.5662,49695.203,66098.11,21.30451,0.29862,0.22451,14840.0,13750.0
KPX케미칼,7036.769,4.26,3.854,271.16333,6.19,5.021,7.8468,5474.824000000001,91390.02,145387.8,12.76753,0.76485,0.48078,69900.0,52400.0
KPX홀딩스,7533.2554,4.837,7.749,583.75726,6.776,4.288,9.1455,9548.145,149963.5,178316.84,6.85997,0.43677,0.36732,65500.0,61200.0
KR모터스,416.61896,-62.483,-75.612,-315.0135,-61.249,-24.484,-30.643,-1066.5757,1399.4381,1446.5297,-1.48121,1.1289,1.09215,489.0,500.0
KSS해운,1775.6595,25.385,14.466,256.87512000000004,11.09,3.309,5.356,1108.1079,9990.19,7658.3657,8.18512,0.90789,1.18433,9070.0,6480.0
KTB투자증권,3342.1868,12.804,10.872,363.34598,7.6629999999999985,2.213,,509.2898,6861.6333,4734.188,7.6479,0.56765,0.8227399999999999,3895.0,2960.0
KTcs,9677.599,1.048,0.763,73.85006,4.67,2.201,13.5167,166.74187,3686.262,22672.129,13.61386,0.6158,0.10012,2270.0,2485.0
KTis,4381.307,2.529,1.903,83.36872,5.234,3.745,10.5745,239.55151,4766.926,12589.239,12.60689,0.63353,0.23989,3020.0,2445.0
LF,16020.598999999998,6.875,4.3660000000000005,699.5378400000003,6.8660000000000005,4.405,8.7083,2518.5942,37362.766,54790.01,12.42757,0.83773,0.57127,31300.0,24850.0
LG,118410.58,18.46,20.569000000000006,24355.59,16.038,11.841,94.9857,13623.02,91041.984,67327.78,6.6798699999999975,0.99954,1.3516,91000.0,69900.0
LG디스플레이,277902.16,8.857999999999997,6.97,19370.52,13.193,7.1679999999999975,10.986,5038.225,40170.074,77666.28,5.93463,0.74434,0.38498,29900.0,18050.0
LG상사,128272.375,1.655,0.687,881.8496,4.9289999999999985,1.739,6.5647,1553.4017,30895.357000000004,330940.1,17.47777,0.87877,0.08204,27150.0,15350.0
LG생활건강,61051.375,15.233,10.128,6183.0819999999985,21.937,13.325,19.0417,34225.953,178815.19,344574.66,34.73972,6.64932,3.4506300000000003,1189000.0,1101000.0
LG유플러스,122793.82,6.729,4.456,5471.18,10.880999999999998,4.574,8.6044,1253.3663,11985.192,28124.285,11.16992,1.16811,0.49779,14000.0,17650.0
LG이노텍,76413.6,3.88,2.287,1747.7843,9.373,3.426,7.3975,7384.8667,82434.87,322868.38,19.49934,1.74683,0.446,144000.0,86400.0
LG전자,613962.8,4.021,3.045,18695.18,13.69,4.728,13.7173,9543.426,73441.21,339517.72,11.10712,1.44333,0.31221,106000.0,62300.0
LG하우시스,32094.05,4.5310000000000015,2.114,678.55,7.057,2.7880000000000003,6.0738,6785.5,98758.16,320940.5,14.30993,0.98321,0.30255,97100.0,56600.0
LG헬로비전,11198.95,6.506,2.579,288.82736,2.957,1.558,3.7849,372.9362,12745.803,14460.172,19.03811,0.55705,0.491,7100.0,9160.0
LG화학,256980.14,11.396,7.8679999999999986,20219.73,12.923,8.882,13.0635,24853.729,211043.33,328328.8,16.29534,1.91904,1.2335200000000002,405000.0,347000.0
LS,94183.3,4.273,3.874,3648.31,11.477,3.705,6.1234,9219.161,98018.3,292494.72,7.86406,0.73966,0.24787,72500.0,49100.0
LS네트웍스,4433.5264,0.625,4.647,206.00899,3.361,1.625,5.0185,261.37204,8474.444,5624.9966,11.07617,0.34162,0.51467,2895.0,2480.0
LS산전,23437.453,6.76,4.523,1060.0453,9.51,4.6930000000000005,9.3845,3503.2083,39069.797,78124.84,18.58297,1.66625,0.8332799999999999,65100.0,49000.0
MH에탄올,519.7713,15.616,8.288,43.080677,10.423,1.505,6.0247,914.43274,9549.018,7044.379,6.9332600000000015,0.66394,0.9000100000000001,6340.0,5890.0
NAVER,46784.688,25.205,16.461,7701.0166,18.496,10.703,74.335,4689.4224,32429.479,28386.46,37.1048,5.36549,6.1297,174000.0,122000.0
NH투자증권,95454.74,4.811,3.663,3496.33,7.395,0.8059999999999999,,1165.9424,16137.903,31788.592,11.92169,0.8613299999999999,0.43726,13900.0,13050.0
NICE,14500.688999999995,8.455,6.396,927.50995,9.215,5.888,13.6435,1299.4285,15731.485,38278.273,11.27419,0.93125,0.38272,14650.0,17950.0
NI스틸,1506.0408,10.336,7.2879999999999985,109.76438,11.868,4.787,6.0769,386.12924,3451.8167,5297.9517,7.58813,0.84883,0.55304,2930.0,2270.0
OCI,36316.332,7.832999999999997,6.4060000000000015,2326.4072,7.175,3.775,8.177,9849.354,140562.86,152273.75,13.80801,0.96754,0.89313,136000.0,107000.0
S&TC,1840.9194,10.431,2.489,45.81777,1.977,1.413,10.8698,610.3574,31147.764,24523.648,25.67458,0.5031100000000001,0.639,15670.0,11050.0
S&T모티브,11374.709,8.505,5.192,590.5616,8.116,4.773,11.3714,3887.9045,49271.71,77785.7,12.05019,0.95085,0.6023,46850.0,27050.0
S&T중공업,4362.7354,-8.586,-7.087999999999999,-309.2439,-4.916,-3.577,-9.5275,-929.9814,20722.191000000006,13119.945,-7.8608600000000015,0.35278000000000004,0.5572,7310.0,7200.0
S&T홀딩스,15081.521,4.021,1.715,258.63065,1.142,1.187,3.2019,416.8336,36944.98,92502.62,37.78487,0.42631,0.17027,15750.0,13000.0
S-Oil,208913.73,6.573,5.9670000000000005,12464.89,18.837,8.583,11.1111,10689.867,58774.973,179164.05,10.94494,1.99064,0.65303,117000.0,97700.0
SBS미디어홀딩스,4218.547000000001,-1.024,0.119,5.0307355000000005,0.6970000000000001,0.057,1.8364,34.38551,4955.0703,3015.4840000000013,88.84555999999998,0.61654,1.0131,3055.0,2040.0
SG세계물산,2854.2695,-2.351,-2.285,-65.2237,-3.322,-2.083,-4.7918,-32.22117,952.6681,1410.0383,-28.7699,0.97306,0.6574300000000001,927.0,736.0
SG충방,1432.9275,-1.2819999999999998,0.244,3.4990773,0.289,0.172,0.1844,8.20315,2827.1177,3359.3188,487.61768,1.41487,1.19072,4000.0,2895.0
SH에너지화학,1881.1482,7.539,5.252000000000002,98.79057,9.205,7.909,12.7974,86.07786,951.9444,1692.5941,16.322429999999994,1.47593,0.83009,1405.0,1100.0
SIMPAC,2306.3481,5.072,5.591,128.95699,5.359,3.228,1.6787,443.38086,9684.25,7929.7026,9.31479,0.42647,0.52083,4130.0,2440.0
SK,906128.3,6.34,5.591,50664.82,12.531,4.761,8.3881,23650.309,242248.7,1277560.9,11.96602,1.16822,0.22152,283000.0,260000.0
SKC,26535.443,6.621,5.138,1363.4663,7.705,3.789,5.1173,2931.4128,40936.88,70696.04,16.03322,1.14811,0.66482,47000.0,35800.0
SK가스,63588.973,1.537,2.357,1498.9911,7.075,3.559,3.94,11059.59,167479.08,688919.75,8.37036,0.55274,0.13438,92572.0,70060.0
SK네트웍스,152023.45,0.939,0.228,346.1,1.393,0.4370000000000001,1.2944,134.56233,9848.845,61225.4,49.41948,0.6752100000000001,0.10862,6650.0,5200.0
SK디스커버리,64159.008,1.279,12.487,8011.679,53.519,13.816,3.5128,28730.7,90161.21,256762.81,3.61982,1.15349,0.40504,52000.0,26100.0
SK렌터카,6367.653,5.97,1.476,93.96083,4.104,0.7929999999999999,2.4296,439.7338,10936.539,28752.67,22.53636,0.90614,0.34466,9910.0,12300.0
SK이노베이션,461626.56,6.979,4.647,21451.018,11.957,6.419,12.4871,22448.85,194068.98,492590.88,9.1096,1.05375,0.41515,204500.0,179500.0
SK증권,4673.094,6.096,4.027,188.20073,4.418,0.489,,54.54024,1309.1733,1354.2545,19.76927,0.8235899999999999,0.7961699999999999,1078.0,660.0
SK텔레콤,175200.12,8.771,15.169,26575.95,15.377,8.212,11.3217,32197.734,252688.73,216977.62,8.29251,1.05664,1.23054,267000.0,269500.0
SK하이닉스,301094.34,45.572,35.345,106422.19,36.801,27.416,35.7466,14617.414,47896.875,41358.977,5.23348,1.5971799999999998,1.84966,76500.0,60500.0
SPC삼립,20655.11,2.647,1.849,381.9841,13.331,5.4220000000000015,10.024,4423.8535,34567.055,239368.27,35.3764,4.527430000000002,0.6538,156500.0,127500.0
STX,18038.78,2.442,18.537,3343.86,-232.183,50.08600000000001,16.2353,20928.883,2225.77,112902.91,1.13957,10.71539,0.21124,23850.0,11750.0
STX엔진,4678.321,2.146,-1.43,-66.91287,-6.479,-0.812,1.8116,-241.9444,3591.0923,16915.93,-37.81861,2.5479700000000003,0.54091,9150.0,6750.0
STX중공업,1852.4187,0.241,397.039,7354.816999999999,-315.768,92.268,0.2042,261717.69,47240.11,65917.445,0.14076,0.77985,0.55888,35703.0,5670.0
TCC스틸,3913.701,2.071,0.384,15.037083,1.523,0.532,2.5747,66.57621,4645.3809999999985,17016.092,27.57597,0.40686,0.10789,1835.0,1942.0
WISCOM,1168.4988,0.287,0.056,0.6504631,0.055,0.049,-0.0811,4.24406,7602.3433,7624.0728,934.6718,0.52179,0.5203,3967.0,2750.0
YG PLUS,724.6252400000003,-9.778,-13.779000000000002,-99.84394,-8.195,-7.709,-12.4762,-138.18175,1622.9268,1227.8394,-14.47369,1.23234,1.62888,2000.0,2015.0
가온전선,8369.793,0.939,0.174,14.545884,0.536,0.275,1.9495,336.12326,65928.875,201180.17,68.27853,0.3481,0.11408,22950.0,17000.0
강남제비스코,3000.2517,5.0280000000000005,7.728,231.86504,4.886,3.975,5.8916,3567.1545,74603.78,46157.72,10.49856,0.5019899999999999,0.81135,37450.0,25000.0
강원랜드,15477.717,34.301,28.269,4375.4053,12.959,10.718,49.021,2045.4965,17269.023,7234.5894,17.01298,2.01517,4.810219999999998,34800.0,32000.0
갤럭시아에스엠,312.0776,-11.362,-18.905,-58.99738000000001,-13.826,-10.898,-24.9881,-214.14932,1469.8678,1132.7827,-13.70539,1.99678,2.59096,2935.0,1660.0
경농,2065.3438,4.09,4.88,100.79442,5.8320000000000025,3.069,2.0614,468.1432,9904.867,9521.333,12.83795,0.60677,0.63121,6010.0,10800.0
경동나비엔,6846.6094,6.975,3.946,270.19122000000004,10.729,5.789,13.0077,2074.1548,20319.197,53743.117,24.73297,2.52471,0.95454,51300.0,41550.0
경동인베스트,1950.6986,18.65,26.622,519.3086,10.985,6.019,4.3387,19740.844,155247.92,78198.51,2.16556,0.27537,0.54669,42750.0,37250.0
경방,3607.8875,11.727,7.017,253.15361,3.671,1.965,7.9206,923.37933,25502.309,13160.139,15.0534,0.54505,1.0562200000000002,13900.0,10800.0
경인양행,2999.8772,2.455,1.5930000000000002,47.792484,1.849,1.361,1.5225,88.53087,4897.721,7426.107,65.51387,1.18422,0.78103,5800.0,5800.0
경인전자,220.18251,-3.27,-13.532,-29.7959,-5.146,-4.8,-4.9864,-1896.8651,40867.65,14017.248,-10.38556,0.48204,1.40541,19700.0,21750.0
계룡건설산업,22408.326,5.131,2.519,564.5318599999998,16.698,3.646,22.2989,5856.044,38152.98,250907.61,2.95421,0.45344,0.06895,17300.0,21750.0
계양전기,3399.2249,3.335,2.6830000000000003,91.20381,4.839,3.663,5.4124,255.20837000000003,5363.8555,9997.72,17.67183,0.8408100000000001,0.4511,4510.0,3350.0
고려개발,6630.991,8.491,0.863,57.22590600000001,11.486,0.902,35.971,436.20682,5771.791,50545.0,,2.04443,,11659.0,9347.0
고려산업,1745.2441,3.407,2.905,50.702732,5.934,2.889,4.2593,204.84355,3598.0166,6997.9326,13.13197,0.74763,0.3844,2690.0,2170.0
고려아연,65966.71,13.564,9.611,6340.3115,10.962,9.379,15.922,33335.766,337231.84,349585.12,14.78892,1.4619,1.41024,493000.0,432500.0
고려제강,15504.568,2.504,1.4480000000000002,224.50877000000003,1.723,0.925,1.9447,1184.4958,68296.2,77522.84,27.69111,0.48026,0.4231,32800.0,23250.0
광동제약,11415.659,3.131,2.022,230.83087,6.065,3.292,5.7414,442.49817,9657.062,21776.943,19.77409,0.90607,0.4018,8750.0,6850.0
광명전기,1015.6116,2.164,-2.012,-20.4326,-2.198,-1.364,5.3611,-45.03183,2032.2399,2343.4875,-57.51488000000001,1.27446,1.10519,2590.0,2620.0
광전자,1773.86,4.669,1.649,29.244041,1.415,1.217,7.3338,50.03368,3936.8638,3061.3477,55.46264,0.7048800000000001,0.90646,2775.0,2025.0
광주신세계,1349.1545,38.992,35.464,478.4619,8.593,7.302,16.1066,29903.87,362102.4,84322.164,7.6745899999999985,0.6338,2.7217,229500.0,180000.0
교보증권,10860.127,8.394,6.752000000000002,733.3194599999997,9.393,1.225,,2036.9985,23372.39,30167.018,4.45263,0.38806,0.30066,9070.0,9120.0
국도화학,10759.812,5.252000000000002,3.906,420.33008,9.184,5.712999999999999,8.7591,7070.2764,80865.66,185175.05,8.92469,0.7803100000000001,0.34076,63100.0,45650.0
국동,1916.0299,-3.057,-4.68,-89.67738,-19.008,-7.782999999999999,-11.2655,-612.8863,2816.8320000000012,13094.8125,-4.31833,0.93958,0.20212,2646.0,2289.0
국보,782.55524,-5.027,-3.693,-28.897942,-17.16,-3.739,-10.5746,-197.58588,1059.6729,5456.9707,-4.7473,0.88518,0.1719,938.0,1135.0
국제약품,1233.1023,2.079,0.8420000000000001,10.386553,1.615,0.7959999999999999,0.9394,59.3597,3867.3247,6701.453,87.19539,1.33837,0.77235,5175.0,4270.0
그린케미칼,2536.5564,1.393,0.995,25.22644,2.24,1.256,2.1764,105.11017,4572.569,10568.985,34.28942,0.7882100000000001,0.34102,3604.0,3000.0
극동유화,4900.6772,2.776,3.082,151.03874,10.479,6.564,5.895,433.1553,4407.2915,14054.369,7.84938,0.77145,0.24192,3400.0,3295.0
금강공업,6132.4746,7.497000000000001,4.343,266.3168,9.025,3.63,5.4441,960.1259,12185.624,24658.424,5.9784,0.47105,0.2328,5740.0,4120.0
금양,1803.7368,7.285,10.337,186.45438,41.18600000000001,9.945,7.8539,446.0927,1539.7665,4309.184,5.55938,1.61063,0.5755100000000001,2480.0,2335.0
금호산업,12979.456,2.393,7.341,952.78015,27.07,7.445,,2652.3948,11114.605,36132.83,3.58544,0.8556299999999999,0.2632,9510.0,11800.0
금호석유화학,50647.793,5.185,4.297,2176.4744,12.337,4.77,8.1553,6377.1123,66048.23,151227.27,15.602670000000002,1.50647,0.65795,99500.0,87300.0
금호전기,1013.92285,-7.6389999999999985,-19.906,-201.83319,-22.419,-4.638,-2.2787,-2644.97,10199.839,14533.262,-2.70325,0.70099,0.49198,7150.0,6610.0
금호타이어,28764.203,-5.464,-3.888,-1118.4224,-12.139,-2.324,-4.99,-790.10284,6041.646,18205.98,-5.6005400000000005,0.73242,0.24305,4425.0,5310.0
기아자동차,535356.8,1.237,1.808,9680.18,3.623,1.876,1.4992,2388.0254,66996.96,132068.38,14.02833,0.50002,0.25366,33500.0,33700.0
기업은행,167839.92,12.085,8.988,15085.28,7.976,0.568,,2282.0144,29937.441000000013,25509.48,7.208539999999997,0.54948,0.64486,16450.0,14050.0
까뮤이앤씨,1721.7686,5.8610000000000015,4.9,84.36816,15.309,5.964,26.1166,186.85248,1333.8542,3813.2483,5.40533,0.7572,0.26487,1010.0,1330.0
깨끗한나라,6599.3716,-3.827,-3.363,-221.91342000000003,-11.399,-4.051,-6.3742,-598.2081,4949.27,17549.402,-6.9541,0.8405299999999999,0.23705,3860.0,2825.0
나노메딕스,446.7996,-1.047,-26.342,-117.69596,-85.819,-31.947,-0.8593,-579.225,614.8335,2199.5088,-10.79028,10.16535,2.84154,6250.0,5660.0
남광토건,1156.1117,1.582,1.471,17.002563000000002,4.05,0.993,,173.4811,4414.2944,11796.079,34.75883,1.36602,0.5111899999999999,6030.0,11900.0
남선알미늄,4006.6787,5.1789999999999985,5.4270000000000005,217.424,16.083,7.655,14.7138,196.78699,1337.8004,3626.3809,5.0308199999999985,0.74002,0.273,990.0,2830.0
남성,919.9188,7.837999999999999,1.475,13.566648,1.676,0.665,10.0554,37.41624,3206.3057,2540.359,57.72894,0.67367,0.8502700000000001,2160.0,1910.0
남양유업,11669.72,0.435,0.43,50.207706,0.563,0.483,0.5602,5662.553000000001,1057420.5,1316140.8,123.08935,0.65915,0.52958,697000.0,624000.0
남영비비안,2093.8145,0.232,0.757,15.85746,0.8220000000000001,0.966,-1.6337,15.6834,2012.3389,3048.677,,0.38612,,777.0,616.0
남해화학,11223.69,2.506,2.379,267.0374,6.559,4.9110000000000005,7.9854,540.5152,8784.412,22592.494,19.79593,1.21807,0.47361,10700.0,11500.0
넥센,3140.3003,23.376,26.062,818.42413,9.419,7.961,32.3589,1490.2479,16099.04,5718.0938,5.09311,0.4714600000000001,1.3273700000000002,7590.0,5500.0
넥센타이어,19647.928,9.437,6.3820000000000014,1254.0199,9.884,4.634,7.1368,1208.0319,13008.513,18993.76,9.76795,0.9071,0.62126,11800.0,9170.0
넥스트사이언스,156.86212,-2.9810000000000003,-4.714,-7.39375,-1.38,-1.114,-2.4825,-43.33748,3277.4612,919.4264,-98.64441,1.30436,4.64964,4275.0,6100.0
노루페인트,5514.098000000001,5.033,5.34,294.4448,10.233,5.066,5.737,1438.9043,14613.105,26946.508,6.0323699999999985,0.59399,0.32212,8680.0,8230.0
노루홀딩스,7713.02,2.238,8.036,619.7834,11.669,6.3279999999999985,3.0043,3161.9917,36584.28,57233.53,5.09173,0.44008,0.2813,16100.0,12250.0
녹십자,12879.163,7.011,4.4030000000000005,567.1104,5.237,3.485,6.0714,4556.2344,91141.414,110205.12,49.60237,2.47966,2.05072,226000.0,136000.0
녹십자홀딩스,14654.89,7.641,4.8260000000000005,707.28143,5.474,2.9410000000000003,4.6212,875.2828,17902.627,29580.102000000014,44.84265,2.1924200000000003,1.32691,39250.0,25100.0
농심,22082.605,4.365,4.107,906.85626,5.011,3.678,5.7339,14904.828,316196.25,363043.0,23.75069,1.11956,0.97509,354000.0,254500.0
농심홀딩스,4966.1543,9.476,8.195,406.97626,4.776,3.513,21.3886,8764.498,185858.1,107080.19,13.06407,0.61606,1.06929,114500.0,69900.0
다스코,2231.85,9.433,8.356,186.48663,16.589000000000002,9.739,11.3248,1211.2872,7845.723000000001,14496.557,5.42398,0.8374,0.4532100000000001,6570.0,8190.0
다우기술,13728.028,24.053,17.711,2431.4258,11.527,2.2,7.78,2553.7732,24430.963,30597.422,7.53787,0.78793,0.6291399999999999,19250.0,18850.0
대교,8122.0312,5.6,5.124,416.18845,6.297999999999999,4.881,18.786,400.85498,7500.6,7799.906999999997,20.45628,1.09325,1.05129,8200.0,6700.0
대덕전자,5121.4727,5.971,6.9529999999999985,356.08234,7.216,6.114,13.6531,729.73224,12488.048,10495.617,13.51181,0.78955,0.93944,9860.0,9100.0
대동공업,6101.0312,2.815,1.615,98.5481,4.545,1.41,2.319,405.37643,10292.302,25712.143,23.68169,0.93274,0.37336,9600.0,5180.0
대림비앤코,2328.8694,5.2029999999999985,2.892,67.35859,4.4830000000000005,2.226,4.8469,422.28558,9575.696,13968.545,15.10826,0.66627,0.45674,6380.0,4565.0
대림산업,123355.36,4.425,4.118,5079.988,10.139,3.939,9.0473,12707.072,131198.25,319573.47,6.48458,0.6280600000000001,0.25784,82400.0,102500.0
대림통상,1972.4668,1.009,-2.1830000000000003,-43.068283,-3.821,-1.873,-0.6195,-284.93353,7263.738,12955.446000000002,-19.30275,0.7571899999999999,0.42453,5500.0,4180.0
대상,29688.05,3.258,1.744,517.7186,6.135,2.27,4.6607,1464.106,24181.24,82425.02,18.81694,1.13931,0.33424,27550.0,25050.0
대상홀딩스,33836.742,3.383,1.755,593.806,5.164,2.224,5.1075,699.0423,13704.719,91140.234,14.23376,0.7260300000000001,0.10917,9950.0,7860.0
대성산업,9003.183,-1.335,24.785,2231.44,73.017,20.079,-3.6083,7009.4,12954.883,27369.793,0.5471199999999999,0.29603,0.14012,3835.0,4150.0
대성에너지,7659.7827,2.596,1.939,148.49797,5.013,2.342,3.8454,539.9926,10915.658,27853.756,11.16682,0.55242,0.21649,6030.0,5400.0
대성홀딩스,9031.254,2.716,3.564,321.83554,5.336,2.88,3.896,1309.3434,24991.871,56131.492,6.06411,0.3177,0.14145,7940.0,6360.0
대신증권,35484.227,3.747,3.266,1158.8773,6.357,0.66,,1335.5023,26135.145,40892.98,10.78246,0.55098,0.35214,14400.0,11350.0
대양금속,1728.7721,7.491,5.712999999999999,98.76011,46.455,10.077,16.5514,375.97214,989.7223,6581.3022,8.51127,3.23323,0.48623,3200.0,3620.0
대영포장,3120.7126,-0.88,-0.95,-29.65668,-2.218,-1.421,-1.9055,-27.82447,1275.8846,2927.9126,-30.36896,0.6622899999999999,0.2886,845.0,1110.0
대우건설,117668.41,3.646,2.192,2578.9363,12.116,2.7510000000000003,292.3088,623.01013,5457.945,28311.355,9.50225,1.08466,0.2091,5920.0,5390.0
대우부품,580.20483,5.1370000000000005,5.0139999999999985,29.088837,7.912000000000001,4.331,6.8113,61.05152,800.1003400000003,1217.7313,43.48786,3.3183300000000004,2.18028,2655.0,2095.0
대우조선해양,111018.18,6.603,5.817,6457.5835,28.12,4.872,14.3003,7447.398,31821.254,133034.14,1.86642,0.43681,0.10448,13900.0,34150.0
대웅,11239.569,7.522,7.625,857.0687,12.858,5.683,7.1178,1139.4629,12611.484,19331.246,16.981679999999994,1.53432,1.00097,19350.0,17800.0
대웅제약,9603.074,4.057,3.69,354.36337000000015,6.199,3.005,3.6048,2725.6187,50328.95,82881.05,60.35327,3.2685,1.98477,164500.0,188500.0
대원강업,10281.665,3.711,2.551,262.31366,4.802,2.137,3.2382,350.9491,7374.02,16583.33,10.65682,0.5071899999999999,0.22553,3740.0,3875.0
대원전선,5050.5093,0.193,0.309,15.608165,0.853,0.701,-0.436,9.68503,1135.7703,7140.7124,110.996,0.94649,0.15055,1075.0,1575.0
대원제약,2654.6248,9.528,3.871,102.74805,6.522,4.65,4.923,530.6373,8420.735999999999,13113.4,36.15426,2.27828,1.46299,19751.0,15688.0
대원화성,1183.7891,8.465,1.34,15.858123,2.21,1.227,3.134,38.44472,1760.8049,2869.8508,66.97928,1.4624,0.8972600000000001,2575.0,1815.0
대유에이텍,10698.558,1.723,0.28600000000000003,30.562176,2.197,0.35,3.1442,24.6883,1151.8014,10012.898,42.73278,0.91596,0.10536,1055.0,1310.0
대유플러스,4577.4204,1.5590000000000002,-0.77,-35.23018,-15.905,-0.373,-1.5398,-150.78603,863.89124,5194.5,-4.8413,0.84501,0.14053,730.0,854.0
대창,9832.91,4.131,1.4509999999999998,142.71365,8.26,2.527,7.1778,139.69862,2093.3435,10788.485,7.55197,0.50398,0.09779,1055.0,925.0
대창단조,2576.4622,7.322,4.933,127.10146,7.689,6.061,9.7835,4294.9604,57362.22,90173.64,9.59583,0.71848,0.45706,41213.0,29928.0
대한방직,2086.2068,-4.762,-4.604,-96.03954,-5.5139999999999985,-2.64,-5.9714,-1808.2452,31785.309,39362.39,-8.22897,0.46814,0.37803,14880.0,14600.0
대한유화,17794.262,15.973,12.052,2144.564,15.534,11.486,13.1495,32971.934,238532.75,273757.88,7.99165,1.10467,0.96253,263500.0,153500.0
대한전선,15702.319,3.159,-2.9,-455.40033,-11.727,-3.408,6.7345,-46.88572,379.39468,1833.37,-23.99451,2.96525,0.6136199999999999,1125.0,1015.0
대한제강,12285.34,3.835,2.412,296.26727,6.862,4.163,12.3358,1251.0848,20446.4,49845.71,7.56943,0.46316,0.18999,9470.0,5590.0
대한제당,12745.369,1.291,0.848,108.09978,2.355,0.915,1.7852,1102.7639,49946.555,132516.7,22.21691,0.49052,0.18488,24500.0,19000.0
대한제분,8108.4434,4.462,6.296,510.4835,7.44,5.864,6.1516,30206.123,431800.28,479789.56,5.51213,0.38559,0.34703,166500.0,176000.0
대한항공,120922.12,7.772,6.6320000000000014,8018.97,29.369,3.299,5.6788,8630.626,37824.22,131853.45,3.92208,0.8949299999999999,0.25672,33850.0,33050.0
대한해운,15607.438,6.462999999999999,6.995,1091.721,19.969,4.557,4.323,5185.688,27104.404,63895.508,4.40636,0.84304,0.35762,22850.0,21750.0
대한화섬,1108.3936,5.186,18.415,204.11063,4.697,3.915,28.0065,15369.775,417377.16,83463.375,7.449689999999999,0.27433,1.37186,114500.0,105500.0
대현,2836.9438,4.893,4.399,124.78898,7.438,5.026,9.8637,275.57996,3905.7212,6265.0156,9.85195,0.69513,0.43336,2715.0,2305.0
대호에이엘,1263.1969,1.371,3.858,48.737297,19.824,5.559,2.7138,179.61153000000004,1015.9538,4655.2583,6.45838,1.14178,0.24918,896.0,4190.0
더존비즈온,2044.4335,24.712,19.406,396.73642,23.491,15.535,30.2075,1319.4349,6098.3765,6889.9473,25.23808,5.46047,4.8331300000000015,33300.0,51900.0
덕성,1007.06195,1.757,0.519,5.2313027000000005,0.797,0.49,1.6949,30.64257000000001,4220.6807,5898.91,120.25753,0.87308,0.62469,3685.0,3500.0
덕양산업,10465.356,0.416,0.127,13.331543,1.306,0.318,2.3063,23.16465,1836.4218,32136.842,60.86861,0.7678,0.04387,1410.0,1250.0
도화엔지니어링,3989.5005,4.137,2.9360000000000004,117.137115,,,,347.38174,6992.2417,11831.258999999998,14.23506,0.70721,0.4179600000000001,4945.0,8650.0
동국제강,60493.49,3.989,0.079,47.701103,0.204,0.077,1.9383,47.46959,24140.877,63388.883,231.72731,0.45566,0.17353,11000.0,7230.0
동남합성,1374.386,0.6509999999999999,1.178,16.197039999999998,2.754,1.767,-0.3713,397.01562,14537.587,33688.42,53.48962,1.46075,0.63038,21193.0,22140.0
동방,4669.8164,3.137,-2.002,-93.49609,-9.269,-1.653,-2.0149,-268.00848,2751.4795,12350.252,-5.35431,0.52154,0.11619000000000004,1435.0,1370.0
동방아그로,1202.486,5.535,4.916,59.112297,4.634,3.381,5.785,434.72552,11141.129,8830.176,16.10211,0.6283,0.79274,7000.0,6600.0
동부건설,7014.887,3.645,13.725,962.80347,34.562,14.658,20.696,4570.788,14428.723999999998,33302.293,2.20968,0.69999,0.30328,10100.0,7230.0
동부제철,25961.969,-0.453,-6.191,-1607.3055,-118.173,-5.869,-1.1147,-80524.72,74029.06,1299744.5,-0.27644,0.30069,0.017130000000000003,24733.0,21400.0
동서,5590.8037,8.527000000000001,22.55,1260.7059,10.213,9.288,30.8411,1227.1431,12328.629,5607.6265,23.71362,2.36036,5.18936,29100.0,17900.0
동성제약,823.85236,1.159,-0.241,-1.98264,-0.331,-0.159,0.2047,-8.64745,2883.8489,3593.3027,-572.4228,1.71646,1.37756,4950.0,14950.0
동성코퍼레이션,8273.364,0.442,-0.7170000000000001,-59.320198,3.321,-0.687,-2.6118,215.92065,6719.395,18205.236,25.98177,0.8349,0.30815,5610.0,5130.0
동성화학,2042.5073,4.02,2.481,50.67093300000001,5.138,2.616,8.2779,979.3374,19259.469,38457.34,16.848129999999998,0.85672,0.42905,16500.0,13750.0
동아쏘시오홀딩스,6902.646,7.732,4.715,325.43387,3.639,2.274,9.1895,5309.9595,148699.83,112627.4,24.10565,0.8607899999999999,1.13649,128000.0,109000.0
동아에스티,5550.2676,4.3,-0.972,-53.95536800000001,-0.922,-0.5489999999999999,2.3,-638.9888,68874.87,65731.34,-155.87128,1.4461,1.51526,99600.0,104500.0
동아지질,3397.2424,5.985,5.035,171.04681000000005,11.192,6.147,13.6914,1487.3677,13825.642,29541.238,7.86625,0.84625,0.39606,11700.0,17150.0
동양,4830.878,1.408,3.267,157.8007,1.9,1.59,1.6513,67.95466,4131.9014,2015.2968,29.21065,0.4804100000000001,0.98497,1985.0,2070.0
동양고속,1418.7084,4.127,-1.248,-17.707523000000005,-1.406,-0.7879999999999999,-77.2091,-521.0708599999998,39200.86,42272.805,-53.80665,0.71522,0.6632399999999999,28037.0,28800.0
티탑스,862.6206699999997,-9.064,-23.58,-203.40254,-33.912,-20.517,-269.4038,-8192.894,21430.055,35092.75,,0.07349,,1575.0,2225.0
동양물산기업,5283.352,-0.364,-4.2780000000000005,-226.04787,-30.724,-4.115,-1.8214,-282.92648,772.6311,6691.502,-4.7679,1.74594,0.2016,1348.0,1510.0
동양생명,71397.13,3.4530000000000003,2.7,1927.6731,9.116,0.675,,1276.6461,15502.919,47971.293,5.9531,0.49023,0.15843,7600.0,4770.0
동양철관,1471.3845,-4.41,-20.802,-306.0797,-45.852,-19.737,-6.9226,-317.7907,546.0403,1527.6815,-2.36385,1.37574,0.49173,751.0,1520.0
동원F&B,25526.213,2.835,2.012,513.6756,8.975,4.186,7.2176,13312.574,153682.2,661451.0,17.577370000000002,1.52262,0.35377,234000.0,287500.0
동원산업,23810.672,9.432,7.049,1678.4364,19.645,7.525,13.1511,49608.613,269402.22,707976.7,6.77302,1.24721,0.47459,336000.0,203000.0
동원수산,1617.0245,4.091,3.164,51.16814,14.661,5.143,9.7771,1317.9806,9421.1,39732.227,7.154889999999999,1.00094,0.23734,9430.0,9000.0
동원시스템즈,9633.413,9.132,8.789,846.68854,20.803,6.8020000000000005,10.8332,2752.781,15049.438999999995,38778.05,17.07364,3.12304,1.21203,47000.0,27350.0
동일고무벨트,2597.85,2.589,0.423,10.977799,0.619,0.4,0.9873,80.42344,12955.508,19031.87,98.58976,0.62537,0.41662,7928.0,6194.0
동일산업,3790.6382,6.189,6.159,233.46835,6.9570000000000025,6.0779999999999985,12.6535,9626.707,157711.05,156301.12,7.001360000000001,0.42736,0.43122,67400.0,58100.0
동화약품,2588.8162,4.244,18.158,470.09012,17.098,13.59,5.8763,1683.0125,10755.8545,9268.457,5.79318,0.90648,1.05196,9750.0,9100.0
두산,169134.44,6.903,0.272,459.49112,1.668,0.16,3.5275,1594.0725,125870.58,664594.4,70.88761,0.89775,0.17003,89014.0,87832.0
두산건설,14752.598,3.3110000000000004,-12.583,-1856.3241,-17.915,-6.317,26.3611,-1990.479,9872.048,16570.568,-1.39488,0.28125,0.16755,2776.0,1331.0
두산인프라코어,65678.97,10.061,4.517,2966.4275,8.133,2.922,7.4231,716.00555,7662.228,31647.545,12.13678,1.13413,0.27459,8690.0,7590.0
두산중공업,138413.27,6.599,-0.792,-1096.8801,-8.511000000000001,-0.441,-0.348,-2142.5842,24846.94,101549.11,-6.1817699999999975,0.5330600000000001,0.13043,13244.0,8395.0
디씨엠,1336.2233,12.389,10.52,140.57199,8.6,7.637,20.6629,1113.0647,16564.773,11420.712,11.09549,0.74556,1.0813700000000002,12350.0,10900.0
디아이,1521.6562,7.568,12.779000000000002,194.45184,15.194,10.204,8.2307,581.63104,4508.157,4831.1475,8.82002,1.13794,1.06186,5130.0,3495.0
디아이동일,8471.24,2.592,-0.484,-41.01891,-1.286,-0.428,13.7023,-2558.031,265110.78,343576.0,-20.28288,0.19571,0.15100999999999998,51884.0,58474.0
디아이씨,6295.3745,5.119,0.15,9.462748,-1.3219999999999998,0.121,2.1375,-85.21454,6316.022,24670.303,-81.6567,1.1017,0.28205,6958.0,5700.0
디와이,8223.073,5.524,4.971,408.76968,6.189,5.591,7.5302,789.8545,13433.225,31243.115,8.14074,0.47866,0.20581,6430.0,5470.0
디티알오토모티브,8778.59,6.775,6.0920000000000005,534.7795,7.77,5.647,8.6727,2199.2158,56602.09,39106.72,14.52791,0.56447,0.8170000000000001,31950.0,32000.0
디피씨,1548.0128,7.883999999999999,4.697,72.71231,5.165,3.85,13.4247,167.54536000000004,3668.5532,3714.2048,22.91917,1.04673,1.03387,3840.0,5710.0
락앤락,4174.072,12.352,8.369,349.3356,5.327000000000001,4.735,7.5017,634.5049,11783.578,7589.2217,42.94687,2.3125400000000003,3.59062,27250.0,20700.0
롯데관광개발,692.2275400000003,7.309,4.882,33.792675,1.995,0.885,2.3191,66.58662,3400.7002,1378.6752,146.76981999999995,2.87379,7.08862,9772.0,14550.0
롯데손해보험,33179.02,3.0460000000000003,2.25,746.4595,14.237,0.624,,555.89777,4113.0329999999985,24708.83,5.2167900000000005,0.70508,0.11737,2900.0,2640.0
롯데쇼핑,179260.62,4.4689999999999985,-0.115,-206.36693,-0.942,-0.059,-1.4006,-4436.584,450419.75,583088.7,-44.85433,0.44181,0.34129,199000.0,211000.0
롯데정밀화학,11595.113,9.584,7.6960000000000015,892.30835,7.744,5.626,11.925,3458.5596,46827.88,44942.3,18.76504,1.38593,1.44407,64900.0,41050.0
롯데지주,18689.875,-0.362,26.5,4952.808,10.957,3.826,30.1691,10601.903,100790.58,42265.766,6.14041,0.64589,1.54025,65100.0,52700.0
롯데칠성음료,22792.828,3.307,5.332000000000002,1215.3561,7.358,2.987,-1.6376,10765.524,159897.89,182253.67,12.34496,0.83116,0.7292,132900.0,140000.0
롯데케미칼,158745.11,18.456,14.390999999999998,22845.77,21.521,12.901,22.2902,65466.016,335214.8,463145.62,5.62124,1.0978,0.79457,368000.0,277000.0
롯데푸드,18185.63,3.642,5.228,950.7211,11.824000000000002,7.433,3.1826,72203.96,731398.7,1381135.5,7.6588600000000016,0.7560899999999999,0.4004,553000.0,709000.0
롯데하이마트,40993.414,5.061,3.621,1484.3518,7.57,4.7810000000000015,6.8525,6287.571999999999,85810.03,173644.16,10.95813,0.80294,0.39679,68900.0,46650.0
마니커,2546.1968,2.727,-4.056,-103.26698,-12.496,-4.454,4.7742,-93.28237,752.7316,2181.355,-6.93593,0.85954,0.2966,647.0,769.0
만도,56847.047,1.469,0.321,182.5087,0.34,0.409,1.3621,101.85291,28867.725,121061.62,605.7755,2.13734,0.50966,61700.0,28950.0
메리츠금융지주,134943.69,7.438,5.6,7557.3516,19.396,1.899,,2590.1262,14894.145,94441.625,5.81053,1.01046,0.15936,15050.0,11550.0
메리츠종금증권,52975.504,8.373,6.706,3552.372000000001,13.789,1.724,,559.48114,4764.374,8443.68,8.17722,0.96025,0.54183,4575.0,4280.0
메리츠화재,79335.2,6.474,4.848,3846.006,22.585,2.215,,3478.7026,16236.576,71901.98,6.7553899999999985,1.44735,0.32683,23500.0,21850.0
메타랩스,268.3243,-59.398,-141.394,-379.39377,-141.246,-60.157,-92.7209,-2680.4224,1004.04065,1895.7151,-1.29084,3.4460800000000003,1.82517,3460.0,1905.0
명문제약,1401.3794,5.332999999999998,5.8020000000000005,81.312325,8.275,3.565,2.445,318.15396,4004.677,5710.593000000003,18.40192,1.46195,1.02523,5854.0,5190.0
모나리자,1173.5951,4.218,3.514,41.23904,5.95,5.0539999999999985,8.4741,112.76354,1914.7695,3209.0645,43.89717,2.58517,1.54251,4950.0,3500.0
모나미,1376.5803,5.521,2.093,28.817516,3.685,1.725,7.1314,142.53611999999995,3949.0378,7284.5317,19.99493,0.7216899999999999,0.39124,2850.0,2620.0
모토닉,2115.3152,6.029,6.002000000000002,126.96962,3.225,2.937,8.9556,384.75644,17813.959,6410.0459999999985,23.91123,0.51645,1.43525,9200.0,9990.0
무림P&P,6079.204000000002,7.358,6.0,364.7814,6.652,3.32,3.9458,585.0332,9029.207,9747.262,7.7517,0.50226,0.4652600000000001,4535.0,6060.0
무림페이퍼,10346.25,6.745,3.95,408.7269,6.705,2.14,3.8514,640.7723,9865.945,24865.229,3.81571,0.24782,0.09833,2445.0,2820.0
무학,2505.0305,11.459,20.562,515.0725,10.033,8.087,14.0525,1807.2721,19008.432,8789.581,10.87274,1.03375,2.2356,19650.0,13600.0
문배철강,1560.3358,4.15,6.4929999999999986,101.308235,10.483,7.39,14.2168,494.10205,5600.476,7610.0933,5.73768,0.50621,0.37253,2835.0,2890.0
미래산업,344.7851,-27.437,-39.61,-136.56995,-20.427,-16.166,-18.777,-20.08513,89.25401,50.70699000000001,-10.26596,2.31018,4.06636,206.0,167.0
미래아이앤지,77.07135,-38.111,-34.99,-26.967175,-4.642,-4.46,-28.3002,-25.72393,510.09335,74.41874,-16.8248,0.8484700000000001,5.81574,430.0,326.0
미래에셋대우,102986.5,6.095,4.9030000000000005,5049.3374,7.191,0.68,,739.5375,13002.371,15136.344,12.14829,0.69096,0.59355,8984.0,6530.0
미래에셋생명,43220.285,1.481,5.1160000000000005,2211.0503,11.247,0.6890000000000001,,1329.5012,12463.947,25988.291,3.94885,0.42121,0.20201,5250.0,4610.0
미원상사,3186.5554,3.451,9.378,298.84048,14.933,9.645,3.5157,4877.656,35278.42,57103.566,7.10953,0.98298,0.60728,33035.0,37733.0
미원홀딩스,1175.6815,7.803,10.829,127.31679,7.504,6.0820000000000025,27.7116,3330.8132,53039.637,30812.33,14.56101,0.91441,1.57405,48500.0,34550.0
미원화학,1510.6321,8.98,8.988999999999997,135.79196000000002,15.818,14.007,12.4157,6204.345,41556.86,69020.9,9.47723,1.41493,0.8519200000000001,58800.0,43200.0
미창석유공업,3131.5906,4.341,3.984,124.74823,5.073,4.452,9.27,7170.79,149413.06,180010.4,11.96521,0.57425,0.47664,85800.0,76500.0
백광산업,1449.8062,6.242000000000001,4.371,63.37613,5.056,2.367,3.659,141.09167,3107.1143,3227.6438,18.74668,0.8512700000000001,0.8194799999999999,2645.0,2490.0
백광소재,2121.6199,3.465,3.143,66.682785,5.024,2.459,3.6566,206.10721,4162.47,7691.738,13.43961,0.66547,0.36013,2770.0,2600.0
백산,2113.7185,11.203,4.125,87.184494,7.272,4.605,13.7531,371.36746,5285.5059999999985,8734.374,18.68769,1.31302,0.79456,6940.0,6340.0
범양건영,1368.3474,1.915,0.8059999999999999,11.026228,2.57,0.897,3.886,46.39281,1818.6735,5757.316,38.90689,0.99248,0.31351,1805.0,1540.0
벽산,4146.9663,5.2170000000000005,3.221,133.5668,4.739,2.935,7.3871,157.6571,3997.127,6048.667,25.37152,1.00072,0.6613,4000.0,2450.0
보락,334.5607,3.823,3.703,12.387185,2.882,2.36,3.0095,20.67978,721.51276,558.53204,52.22494,1.49686,1.93364,1080.0,2050.0
보령제약,4227.2104,0.241,13.361,564.7821700000002,,,,1282.7733,5874.3467,9563.824,7.483789999999999,1.63422,1.00378,9600.0,9980.0
보해양조,995.6641,2.085,10.779000000000002,107.31905,11.485,5.09,10.7784,111.49884,1032.0881,1031.872,8.75345,0.94566,0.94585,976.0,1890.0
부광약품,1507.4346,5.092,7.357,110.906265,5.207999999999998,4.681,4.6736,166.3641,3242.9192,2261.2158,104.48585,5.3602,7.68732,17382.0,23721.0
부국증권,5663.26,8.352,6.645,376.32785,8.0,2.65,,2797.2925,48722.633,42358.324,8.990839999999997,0.5161899999999999,0.5937399999999999,25150.0,22450.0
부국철강,1461.1853,0.8909999999999999,1.587,23.182947,2.082,1.845,2.3678,115.91474,5626.0835,7305.9263,24.06942,0.4959,0.38188,2790.0,2975.0
부산도시가스,9352.35,4.038,4.813,450.14307,8.0,5.147,10.5008,4092.2097,58085.99,85021.37,8.80942,0.62063,0.4240100000000001,36050.0,37300.0
부산산업,1177.8706,5.7410000000000005,4.056,47.77767,6.431,3.853,3.7015,2962.0374,47358.227,111540.78,9.99312,0.62502,0.26537,29600.0,163000.0
부산주공,1906.9575,-1.231,-5.284,-100.764435,-17.607,-3.4930000000000003,1.4883,-374.5854,2247.3687,7088.993,-2.72474,0.45415,0.14398,1020.0,488.0
비상교육,1456.358,17.686,12.4,180.5917,8.945,7.2810000000000015,11.228,1391.2618,17092.41,11205.563,8.55339,0.69622,1.06197,11900.0,6210.0
비티원,70.76786,-21.641,-17.112000000000002,-12.109532000000002,-14.183,-9.4,-20.3117,-54.98156,479.07843,321.3111,-48.37986,5.55233,8.27858,2660.0,4900.0
빙그레,8147.1333,4.26,3.635,296.1503600000001,5.638,4.703,5.83,3006.2222,59811.695,82701.59,20.9898,1.05498,0.76298,63100.0,72500.0
사조대림,9874.395,5.607,4.287,423.2875,14.528,6.2620000000000005,12.0327,4812.601,35595.684,165556.8,5.11158,0.6911,0.14859,24600.0,24200.0
사조동아원,3951.0505,7.411,7.393,292.11407,26.411,6.103,10.1944,322.70798,1378.7029,4352.3716,4.369280000000002,1.0227,0.32396,1410.0,1185.0
사조산업,8160.272,7.245,6.632999999999999,541.276,12.179,5.235,9.4578,8749.582,77315.94,163205.44,7.806089999999997,0.88339,0.41849,68300.0,49850.0
사조씨푸드,3782.168,4.176,5.119,193.59744,9.852,5.675,9.5041,1124.3544,12167.852,21965.668,5.4964900000000005,0.5079,0.28135,6180.0,6340.0
사조오양,3101.8677,7.792999999999997,7.733,239.87332,17.32,8.066,11.9864,2545.6858,15779.374,32918.96,5.14596,0.8302,0.39795,13100.0,9730.0
삼광글라스,3199.6135,-5.318,1.279,40.90728,1.777,0.499,-4.4902,1064.0299,60047.875,65911.375,41.07027,0.72775,0.66301,43700.0,28900.0
삼부토건,2804.2378,-6.901,-14.417,-404.2732,-14.517,-9.908,-44.4412,-531.94763,2516.4675,4514.5884,-2.6168,0.55316,0.30835,1392.0,865.0
삼성SDI,63466.066,1.842,10.134,6431.9385,5.98,4.198,5.1325,9338.074,168339.44,90173.17,21.89959,1.21481,2.26786,204500.0,219000.0
삼성공조,917.57947,4.648,11.975,109.884094,5.546,4.261,27.3236,1379.3239,25805.40600000001,11291.46,8.301169999999999,0.4437100000000001,1.01404,11450.0,9100.0
삼성물산,292790.47,3.01,1.643,4811.045,3.132,1.029,39.4062,3344.1687,136763.84,153039.05,37.67752,0.9213,0.82332,126000.0,105500.0
삼성생명,319590.34,5.29,3.953,12632.07,4.511,0.462,,5830.605,163491.48,159795.17,21.35284,0.76151,0.77912,124500.0,81600.0
삼성에스디에스,92992.06,7.867000000000001,5.8260000000000005,5417.7227,9.914,7.673999999999999,17.4675,6854.002,71858.63,120179.25,29.18003,2.78324,1.66418,200000.0,204000.0
삼성엔지니어링,55362.273,0.847,-0.942,-521.4643,-4.452,-0.983,4.1339,-231.3831,5235.6455,28246.057,-53.59076999999999,2.36838,0.439,12400.0,17600.0
삼성전기,68384.74,4.478,2.592,1772.5599,3.818,2.297,3.6429,2084.2485,56013.2,88123.89,47.97892,1.78529,1.13477,100000.0,103500.0
삼성전자,2395753.8,22.392,17.609,421867.47,21.006,14.962,28.5754,5421.2295,30426.97,31413.873,9.4,1.6748299999999998,1.622,50960.0,38700.0
삼성제약,419.1947,-16.413,-17.987000000000005,-75.398865,-8.556000000000001,-5.1560000000000015,-4.8414,-169.74671999999995,2037.943,943.7398,-21.69374,1.80694,3.90197,3682.0,2530.0
삼성중공업,79012.35,-6.634,-4.313,-3407.483,-5.621,-2.196,-6.229,-765.8066,13903.258,17860.656000000006,-8.446860000000001,0.4652600000000001,0.36217,6468.0,7410.0
삼성증권,44854.62,8.033,6.0420000000000025,2710.3367,6.596,0.763,,3124.9382,49380.09400000001,51602.85,11.71223,0.74119,0.70926,36600.0,31500.0
삼성출판사,1765.7964,6.234,3.319,58.60955,3.923,3.2460000000000004,5.1357,337.64288,8769.808,17657.965,35.39242,1.36263,0.67675,11950.0,11100.0
삼성카드,38999.58,12.964,9.916,3867.0688,5.712999999999999,1.719,,3337.7402,63159.38,33661.273,11.86431,0.6269899999999999,1.17643,39600.0,34550.0
삼성화재해상보험,220135.98,5.712999999999999,4.794,10553.008,9.184,1.463,,20818.73,282083.3,435336.7,12.82499,0.94653,0.61332,267000.0,269000.0
삼아알미늄,1368.5872,2.527,0.091,1.2424529,0.119,0.066,1.0385,11.29503,9478.426,12441.702,287.2946,0.34236,0.26082,3245.0,4205.0
삼양사,20411.75,4.355,2.41,491.8451,3.315,2.338,5.3695,3329.8494,108089.9,191482.11,27.86913,0.85854,0.48464,92800.0,55000.0
삼양식품,4584.839,9.449,6.348,291.03775,15.282,8.03,19.0607,3807.4092,26561.844,60863.266,25.42411,3.64433,1.59045,96800.0,52000.0
삼양통상,1705.8948,17.689,14.614,249.30148,9.562,8.31,15.348,8310.049,90524.086,56863.156,4.95184,0.45458,0.72367,41150.0,42700.0
삼양홀딩스,23962.902,4.124,2.804,671.8635,2.764,2.085,4.9758,4248.3203,177534.9,270207.62,28.71723,0.68719,0.4515,122000.0,78500.0
삼영무역,2594.0864,3.822,11.014,285.7231,9.581,8.19,12.629,1543.529,16822.395,14047.186000000005,10.23815,0.93939,1.12499,15802.0,13417.0
삼영전자공업,2293.763,3.892,4.612,105.796425,2.252,2.137,3.4737,528.9821,23541.648,11468.815,24.67002,0.5543399999999999,1.1378700000000002,13050.0,11850.0
삼영화학공업,1003.5512,-13.74,-31.692,-318.0458,-31.196,-23.613000000000003,-17.8365,-631.4872,1562.4193,2951.621,-1.80526,0.72964,0.38623,1140.0,829.0
삼원강재,2761.7344,4.546,3.982,109.96331,5.725,4.583,6.5939999999999985,274.90826,4873.838,6904.3359999999975,12.13132,0.6842699999999999,0.48303,3335.0,2840.0
삼익THK,3711.0664,9.416,7.608,282.35336,16.557000000000002,9.922,11.8603,1344.5398,8757.985,17671.744,16.13935,2.4777400000000003,1.22795,21700.0,9770.0
삼익악기,2219.9326,9.851,-2.487,-55.199524,-2.419,-1.089,7.1319,-59.20415,2507.5835,2479.1357,-39.69316,0.93716,0.94791,2350.0,1795.0
삼일제약,920.3782,1.42,-1.376,-12.66565,-2.435,-1.071,2.1407,-221.48534,9614.18,16094.733,-36.8346,0.84857,0.5069,8158.0,20600.0
삼정펄프,1433.918,5.336,7.273,104.29182,5.775,4.99,10.4591,4171.7207,73361.63,57357.383,9.95992,0.5663699999999999,0.72441,41550.0,33450.0
삼진제약,2452.7192,19.141,14.594,357.95825,19.713,15.251,20.1597,2575.2393,15725.4375,17645.463,13.92104,2.27975,2.03168,35850.0,40150.0
삼천리,32950.977,1.855,0.156,51.283833,1.0659999999999998,0.139,0.6422,3259.086,347882.7,812596.1,34.6723,0.32482,0.13906,113000.0,91000.0
삼호,8586.27,9.757,7.525,646.0909,22.243,8.55,309.3941,4256.264,21250.535,56563.914,3.52422,0.70586,0.26519000000000004,15000.0,14400.0
삼호개발,2657.1655,9.106,8.066,214.33774,13.77,8.543,90.8152,859.0239999999999,6686.566999999999,10628.662,5.31999,0.6834600000000001,0.42997,4570.0,5040.0
삼화왕관,1048.86,10.481,7.994,83.84069000000002,6.374,5.106,8.9689,3891.6406,72658.67,48685.023,13.310579999999998,0.71292,1.06398,51800.0,46850.0
삼화전기,2070.3977,4.143,4.875,100.93071,30.162,7.659,15.4161,1293.1041,5410.1113,31304.113,14.15199,3.38256,0.5845899999999999,18300.0,21700.0
삼화전자공업,441.79996,-15.396,-29.049,-128.3404,-669.505,-19.697,-10.99,-2704.8728,-810.5662,9285.53,-1.89288,-6.31657,0.5514,5120.0,2245.0
삼화콘덴서공업,1993.1658,11.062,7.801,155.49217,25.714,11.988,26.4532,1492.9674,6640.743,19174.273,28.83519,6.48271,2.2452,43050.0,53200.0
삼화페인트공업,4881.210999999998,1.797,0.404,19.72442,0.6629999999999999,0.369,1.0433,75.44159,12133.803999999998,18930.977,97.82402,0.60822,0.38984,7380.0,6920.0
상상인증권,454.09415,-20.325,-9.34,-42.413567,-3.28,-0.649,,-77.67629000000002,2852.931,767.53174,-14.74067,0.40134,1.49179,1720.0,1820.0
상신브레이크,3845.1204,9.346,6.277,241.36646,14.504,6.4270000000000005,9.2769,1073.0376,8587.485999999999,17908.06,7.0827,0.8850100000000001,0.42439,7600.0,4220.0
새론오토모티브,1834.571,9.099,7.232,132.67035,6.117000000000001,5.003,9.423,690.9914,11438.809,9555.058,10.85397,0.65566,0.78492,7500.0,5890.0
샘표,2633.6882,6.8279999999999985,4.8660000000000005,128.14246,6.3729999999999976,5.9579999999999975,11.7427,2787.5356,63803.44,92719.41,10.83394,0.47333,0.32571,30200.0,33450.0
서연,29132.42,-0.884,-0.7609999999999999,-221.7245,-2.781,-0.778,-1.5141,-622.8009599999998,23357.549,124074.164,-11.81758,0.3151,0.05932000000000001,7360.0,3630.0
서연이화,20074.69,-0.607,1.514,304.02902,5.115,1.705,1.0256,1263.4517,24678.219,74272.48,7.9544,0.40724,0.13531,10050.0,4450.0
서울도시가스,13504.208,0.75,2.708,365.71216,4.039,2.428,1.0451,7265.3364,234861.2,270084.16,12.97944,0.40151,0.34915,94300.0,85400.0
서울식품공업,564.8318,1.601,0.336,1.8962384,0.708,0.272,1.5522,0.5583199999999999,78.62928000000002,166.30579,460.31165,3.2685,1.54535,257.0,177.0
서원,2571.7537,4.993,0.762,19.604368,2.093,0.899,6.521,38.75299,1896.9786,5417.116,29.54611,0.60359,0.21137,1145.0,1080.0
서흥,3500.0771,10.653,7.541,263.93454,8.728,4.4689999999999985,6.4435,1994.6263,23636.717,30253.635,16.39405,1.38344,1.08086,32700.0,23400.0
선도전기,1083.9412,1.361,1.541,16.707664,1.942,1.096,4.3179,92.43009,5035.4575,6021.8955,34.2421,0.62854,0.52558,3165.0,4415.0
선진,8167.073,6.698,6.813,556.4452,20.976,9.044,10.1205,2878.5647,13568.687,44050.61,5.34989,1.13497,0.3496,15400.0,11350.0
선창산업,6218.418000000002,-0.125,-1.519,-94.46323,-2.624,-1.5830000000000002,-0.41,-562.7406599999998,21622.838,49321.254,-13.68303,0.3561,0.15612,7700.0,5290.0
성문전자,460.69107,-0.994,-5.785,-26.648958,-9.39,-6.119,2.154,-154.45941000000005,1545.2545,2660.586,-14.34034,1.43342,0.83252,2215.0,2645.0
성보화학,583.6881,-4.7189999999999985,15.887,92.72915,5.76,4.879,-3.2174,463.18256,8064.4175,2915.525,13.08339,0.75145,2.07853,6060.0,5720.0
성신양회,6471.8022,5.0710000000000015,1.873,121.185585,3.531,1.188,3.7383,483.5319,15038.572,25629.15600000001,11.66417,0.37504,0.22006,5640.0,11900.0
성안,2031.107,-2.437,-4.292,-87.18305,-11.561,-3.17,1.1805,-156.98875,1560.2588,3572.2540000000013,-4.02577,0.40506,0.17692,632.0,634.0
성창기업지주,1782.8439,-0.133,2.312,41.21272,0.8270000000000001,0.639,-0.1564,59.57642,7497.845,2555.99,43.97713,0.34943,1.02504,2620.0,1935.0
세기상사,56.299057,-6.579,1.685,0.9489109,0.402,0.22,-0.8446,232.80900000000003,58094.81200000001,13812.601,315.27988,1.26345,5.31399,73400.0,65500.0
세방,6661.3013,1.724,4.716,314.1316,4.112,3.318,0.936,1361.6152,33962.906,28964.773,9.25372,0.37099,0.4350100000000001,12600.0,12000.0
세방전지,11110.842,6.285,5.999,666.51733,7.757999999999999,5.973,8.011000000000001,4754.196,64736.332,79363.16,7.51967,0.55224,0.45046,35750.0,35950.0
세아베스틸,30553.45,6.17,4.489,1371.5004,7.09,3.848,5.0711,3533.1123,51588.125,85197.0,8.22221,0.56311,0.34097,29050.0,17700.0
세아제강지주,15069.637,3.466,1.931,290.9196,2.042,1.27,-0.9925,4248.417,212768.2,251160.61,25.18909,0.5029600000000001,0.42608,82015.0,49300.0
세아특수강,7298.8516,4.803,3.247,237.00203,7.807,4.539,6.3676,2766.3838,36994.953,85167.46,7.2658,0.54332,0.23601,20100.0,14900.0
세아홀딩스,47944.184,5.727,4.4030000000000005,2111.209,7.496,4.047,5.7985,33604.254,467055.22,1198604.6,4.52324,0.32544,0.12680999999999998,152000.0,97300.0
세우글로벌,364.13806,4.598,1.227,4.467132,1.393,1.123,10.6974,18.85237,1360.8573,1536.7498,95.47873,1.3227,1.1713,1800.0,1725.0
세원셀론텍,1581.3817,2.391,-4.892,-77.35864000000002,-3.997,-2.125,1.7701,-127.59205,3126.6316,2608.2637,-25.19749,1.02826,1.23262,3215.0,3600.0
세이브존I&C,1784.2168,20.292,16.172,288.54034,7.671,5.171,8.8866,703.05566,10321.934,4347.412,6.99802,0.47665,1.13171,4920.0,3435.0
세종공업,10359.143,-0.645,-0.731,-75.7269,-1.921,-0.8170000000000001,-2.4319,-371.26895,19652.586,51655.133,-20.41647,0.3857,0.14674,7580.0,7790.0
세하,1644.8470000000002,0.439,-1.507,-24.781778,-15.838,-1.432,-0.179,-105.11477,629.25604,6976.808000000001,-14.17498,2.36788,0.21356,1490.0,1380.0
셀트리온,9490.8,53.507,40.687,3861.568,17.534000000000002,12.186,17.2142,2858.2998,17314.818,7092.7817,72.58778000000002,11.98266,29.25194,207477.0,212519.0
송원산업,7248.53,7.5139999999999985,4.788,347.06,9.601,4.096,6.7705,1474.75,15869.167,30202.209,18.30819,1.70141,0.89397,27000.0,19050.0
수산중공업,1019.49176,3.238,2.839,28.944578000000003,3.152,2.642,3.2572,53.61479,1796.2435,1888.4309,26.29871,0.78497,0.74665,1410.0,1650.0
시디즈,125.20488,-1.898,2.463,3.083269,1.423,1.331,0.0141,154.16345,12967.893,6260.244000000002,267.2488,3.17708,6.58121,41200.0,36100.0
신대양제지,5128.0566,5.609,5.2970000000000015,271.63788,10.372,4.9910000000000005,7.2696,7032.2905,68313.89,131917.5,4.95571,0.51015,0.26418,34850.0,59300.0
신도리코,5584.3745,5.8420000000000005,5.672999999999999,316.78674,3.733,3.383,10.932,3142.7166,87045.25,55400.38,20.17363,0.72836,1.1444,63400.0,45900.0
신라교역,4130.9565,7.117000000000001,6.4179999999999975,265.12622000000005,5.652,4.932,19.5651,1657.0379999999998,29974.916,25818.479,9.92735,0.54879,0.6371399999999999,16450.0,12900.0
신성이엔지,5744.6504,-1.002,-6.822,-391.88113,-38.329,-5.692,-2.5973,-226.12978,697.26636,3320.7278,-8.468589999999999,2.74644,0.57668,1915.0,1005.0
신세계,38714.16,8.929,5.518,2136.1045,5.477,2.125,3.9446,18513.244,347867.16,393229.56,16.20461,0.8624,0.7629100000000001,300000.0,256000.0
신세계I&C,3201.4954,4.8260000000000005,3.0980000000000003,99.183876,5.976,4.4289999999999985,15.6645,5766.5044,101647.64,186133.45,14.289420000000002,0.8106399999999999,0.44269,82400.0,113000.0
신세계건설,10644.254,2.323,2.727,290.2224,20.18,4.1080000000000005,5.2523,7255.5605,39918.38,266106.34,3.61791,0.65759,0.09864,26250.0,23950.0
신세계인터내셔날,11025.449,2.307,2.189,241.38483,4.957,2.518,2.9683,3370.7085,69235.61,154418.05,21.98351,1.07026,0.47987,74100.0,194500.0
신세계푸드,12075.126,2.469,1.707,206.14502,6.734,3.58,6.9092,5323.333000000001,81363.61,311818.94,24.89042,1.62849,0.42493,132500.0,85400.0
신송홀딩스,2865.204,1.31,-2.8760000000000003,-82.408745,-5.772,-3.254,4.8616,-696.826,11762.2,24222.152,-8.2517,0.48885,0.23739,5750.0,4460.0
신영와코루,1824.0818,3.269,5.003,91.2617,3.017,2.74,4.6379,10140.189,338647.97,202675.75,14.79262,0.44294,0.7401,150000.0,131000.0
신원,6399.3096,0.131,-1.535,-98.2112,-5.442,-2.3,-0.4739,-150.26541,3017.0457,10094.486,-14.10837,0.70267,0.21002,2120.0,1870.0
신일산업,1445.5764,7.326,6.527,94.35361,17.758,11.407,21.1861,132.80351000000002,805.6764,2034.6614,10.50424,1.7314599999999998,0.68562,1395.0,1305.0
신풍제약,1849.984,4.879,1.152,21.314262,0.981,0.528,2.0744,38.34623,4298.937,3352.3318,200.54121,1.7888099999999998,2.29393,7690.0,6410.0
신풍제지,1442.77,-1.422,0.555,8.000258,2.161,0.5329999999999999,-321.1541,26.4909,1599.1198,4127.07,31.02953,0.51403,0.19917,822.0,1305.0
신한,505.9213,19.191,-5.652,-28.596268,-4.731,-1.7480000000000002,,-381.12112,7876.6025,7203.943,-12.93552,0.6259,0.68435,4930.0,3420.0
신한지주,239892.27,15.966,12.294,29492.05,9.131,0.7170000000000001,,6155.248000000001,69211.83,50588.883,8.02567,0.71375,0.9765,49400.0,39600.0
신화실업,612.7531,5.864,3.385,20.74459,5.809,3.039,9.7351,1707.5452,26404.314,50437.42,10.07294,0.65141,0.34102,17200.0,20350.0
신흥,1211.4658,3.327,2.624,31.782925,3.705,2.419,2.8397,329.96982,9053.156,12619.436000000005,33.63944,1.22609,0.8796,11100.0,10300.0
쌍방울,1096.3903,-19.708,130.77700000000002,1433.8265,60.322,33.845,39.5052,1111.2822,2338.5054,849.09735,1.04384,0.49604,1.36616,1160.0,1015.0
쌍용양회공업,15171.396,16.541,19.855,3012.2275,16.555,8.968,11.3227,613.1586,3878.969,3079.5676,6.08325,0.9616,1.21121,3730.0,6290.0
쌍용자동차,34946.375,-1.868,-1.883,-658.212,-8.291,-2.984,-5.4675,-477.5621,5619.125,25355.152,-10.72112,0.91117,0.20193,5120.0,3960.0
써니전자,186.93166,7.112,5.539,10.35405,2.807,2.541,14.0411,34.6091,1277.5723,624.7992,81.7704,2.2151400000000003,4.52946,2830.0,2320.0
쎌마테라퓨틱스,665.82367,-8.764,-10.976,-73.07788000000002,-110.556,-48.019,-156.5865,-1807.2667,1703.1792,16466.281000000006,-3.59106,3.81052,0.39414,6490.0,6970.0
씨아이테크,217.25114,-13.349,-51.499,-111.881676,-39.072,-28.651,-12.9162,-242.19418,521.82745,485.07053,-2.96456,1.37593,1.4802,718.0,506.0
씨에스윈드,3122.2695,11.34,12.475,389.51797,12.979,10.07,12.675999999999998,2253.1548,19108.523,18062.717,11.62814,1.37112,1.4505,26200.0,27600.0
아남전자,1762.9377,1.995,-0.981,-17.296791,-2.472,-1.154,7.0470000000000015,-22.41896,898.08374,2285.0037,-98.13122,2.44966,0.9628,2200.0,2590.0
아모레퍼시픽,51238.258,11.64,7.768,3980.03,9.81,7.54,14.4892,5708.9526,60219.758,74240.79,53.33728000000001,5.0564800000000005,4.10152,304500.0,209500.0
아모레퍼시픽그룹,60290.64,12.133,8.12,4895.4795,6.95,6.7879999999999985,12.371,2279.0754,35986.113,67817.01,61.72479000000001,3.90916,2.0743400000000003,140675.0,72532.0
아세아,11977.641,5.356,6.135,734.88617,6.58,4.172,2.577,19967.412,357595.44,546668.6,5.73434,0.32019000000000003,0.20945,114500.0,113000.0
아세아시멘트,4611.6709999999985,11.54,12.009,553.8201,8.158,6.3039999999999985,4.8,16676.229,209370.17,139379.73,6.59622,0.5253899999999999,0.7892100000000001,110000.0,103500.0
아세아제지,7285.9224,0.736,0.687,50.07146,1.09,0.6729999999999999,0.2157,560.7372,51432.973,81347.86,32.45727,0.35386,0.22373,18200.0,31400.0
아시아나항공,65941.4,3.725,3.982,2625.5574,24.721,3.11,4.234,1227.2639,5582.7793,32129.656000000014,3.69521,0.8123199999999999,0.14115,4535.0,4135.0
아이마켓코리아,30804.52,1.103,0.508,156.58864,2.0,1.294,7.7692,214.34763,10890.833,85702.99,42.03452,0.8273,0.10513,9010.0,6920.0
아이에스동서,18329.61,17.705,10.637,1949.6849,19.87,8.971,13.14,6343.478,34576.402,59574.35,5.48595,1.00647,0.58414,34800.0,30650.0
아이에이치큐,1267.9507,12.104,2.08,26.37301,1.12,1.031,5.9449,17.351010000000002,1586.2399,880.1763,146.38918,1.60127,2.88579,2540.0,1860.0
아주캐피탈,6215.808000000001,18.114,8.654,537.9265,7.225,0.94,,904.002,12281.107,10801.48,7.710160000000001,0.5675399999999999,0.64528,6970.0,8530.0
알루코,4616.889,4.498,2.802,129.3766,6.296,2.822,4.3541,172.06282,2774.4185,6191.705,19.9927,1.2399,0.55558,3440.0,2795.0
애경유화,9598.185,7.8279999999999985,6.744,647.3127,23.221,14.945,25.5533,2031.7969,9638.236,29956.88,8.63767,1.82087,0.5858399999999999,17550.0,7900.0
에넥스,4345.328,0.7979999999999999,0.473,20.555813,3.665,1.268,4.9179,36.05863,1079.7932,7243.2227,51.85998,1.7318099999999998,0.25817,1870.0,1375.0
에스엘,14876.846,4.266,6.581,979.05054,9.865,6.074,6.7985,2823.7212,29589.014,43929.74,8.67649,0.82801,0.55771,24500.0,19950.0
에스원,19422.662,10.43,7.379,1433.2612,12.421,9.423,17.5833,3771.847,35723.75,51113.37,28.36807,2.99521,2.0933900000000003,107000.0,100500.0
에스제이엠,1630.9625,5.155,3.4810000000000003,56.77389,3.5460000000000003,2.763,3.3989,362.71683,10281.723,10451.606,13.50916,0.47657,0.46883,4900.0,3020.0
에스제이엠홀딩스,1698.4535,6.15,11.375,193.19461,11.024,6.772,5.4799,1025.2913,10707.366000000002,11373.059,4.6816,0.44829,0.42205,4800.0,3425.0
에쓰씨엔지니어링,2516.9253,1.875,-5.737,-144.38801999999995,-33.333,-3.703,4.8713,-410.0893,1037.6177,12032.873,-4.45636,1.76173,0.15188,1827.0,1495.0
에이블씨엔씨,3732.8525,3.008,2.355,87.89612,3.269,2.704,30.97,463.61157,12354.414,21108.725,35.80584,1.34365,0.7864,16600.0,10900.0
에이엔피,1011.53876,-5.905,-12.53,-126.74705,-20.116,-9.295,-6.1955,-213.21687000000003,945.01996,1745.0386,-3.42702,0.7732100000000001,0.41873,730.0,390.0
에이프로젠 KIC,403.7567,8.714,5.797999999999999,23.407812,,,,116.7043,3004.7683,2013.0095,111.39264,4.32646,6.4579900000000015,13000.0,7800.0
에이프로젠제약,461.00952,-3.162,-36.639,-168.90912,-20.818,-11.815,-3.0433,-152.28516000000005,689.7789,429.00082,-22.23333,4.90854,7.89231,3385.0,1969.0
엔씨소프트,17587.217,33.264,25.248,4440.431,19.144,15.085,283.8511,20103.984,128055.836,80181.31,22.25927,3.4945699999999995,5.5811,447500.0,466500.0
엔에이치엔,9091.157,3.82,0.961,87.35677,1.118,0.442,0.685,848.5054,78433.63,46466.37,80.61234,0.8720700000000001,1.47203,68400.0,57300.0
엔케이,1218.0002,-7.926,-5.522,-67.25239,-4.728,-2.724,-9.5857,-99.64811,1913.0719,1830.9806,-12.6445,0.65863,0.68816,1260.0,1685.0
엔케이물산,281.03183,-9.764,-27.625,-77.63486,-14.672,-11.308,-33.6837,-114.85689,709.3352,417.06354,-4.55349,0.73731,1.25401,523.0,638.0
엔피씨,3863.1738,4.32,3.0460000000000003,117.67365,4.745,3.019,2.4414,280.17557,5975.436,9198.032,18.63117,0.8735799999999999,0.5675100000000001,5220.0,3765.0
엘브이엠씨,3332.4985,-6.791,4.075,135.81314,3.55,2.057,-6.3245,291.2067,7805.3887,6518.9165,15.22359,0.56797,0.68006,4433.0,2330.0
영보화학,1646.1816,7.576,17.965,295.7404,23.164,16.367,7.3111,1464.4175,7165.475,8230.908000000001,3.32555,0.67965,0.59167,4870.0,3730.0
영원무역,20093.111,9.015,4.712,946.7282,8.785,4.059,10.962,2452.8237,28029.025,45345.176,12.84234,1.12384,0.69467,31500.0,38350.0
영원무역홀딩스,23847.658,8.818999999999997,4.93,1175.7979,8.203,4.2,9.9555,5250.5044,76500.67,174892.72,10.57041,0.72548,0.31734,55500.0,62500.0
영진약품,1950.0885,1.5530000000000002,0.958,18.6772,1.654,0.926,-0.6986,10.22422,654.20807,1067.5118,858.7452400000003,13.42081,8.224730000000001,8780.0,5940.0
영풍,37248.55,4.28,7.31,2722.9126,8.599,6.0920000000000005,8.9659,132786.14,1724178.2,2022135.8,8.088189999999999,0.6229100000000001,0.53112,1074000.0,745000.0
영풍제지,1050.6084,3.132,3.692,38.78542,4.039,3.11,8.2551,174.70909,5434.585999999998,4732.47,16.59902,0.53362,0.61279,2900.0,3400.0
영화금속,1804.5905,4.0,2.583,46.606915,6.763,2.935,3.9038,102.54319,1608.6803,3970.4082,13.5065,0.86095,0.34883000000000003,1385.0,1325.0
영흥철강,1774.2926,0.609,-2.362,-41.916573,-2.475,-1.4,-0.2085,-48.96842,3312.1553,2067.3015,-25.32244,0.37438,0.59982,1240.0,1070.0
예스코홀딩스,11151.811000000005,2.187,2.428,270.73984,3.608,1.99,3.3409,3772.1235,126562.734,185863.52,10.04739,0.29946,0.20391,37900.0,39950.0
오뚜기,21261.506,6.869,6.226,1323.8245,12.342,7.987999999999999,14.5817,38160.746,326054.75,618067.0,21.12118,2.47198,1.30407,806000.0,724000.0
오리온홀딩스,1127.4828,4.347,1318.341,14864.063999999995,85.88,41.222,5.5084,34974.06,30718.156000000014,2663.805,0.76199,0.8675700000000001,10.00449,26650.0,17100.0
우리들제약,798.94495,7.524,5.549,44.333824,9.883,6.678,12.451,393.17426,4532.8174,7271.5703,29.12195,2.52602,1.57463,11450.0,7400.0
우리들휴브레인,355.85886,-8.752,-8.16,-29.038622,-18.203,-8.855,-13.1703,-147.83891,859.4289,1808.6877,-23.8097,4.09574,1.94616,3520.0,2145.0
우리종금,1834.7834,11.244000000000002,10.417,191.12111,8.366,1.107,,38.59365,422.49124000000006,370.50323,13.16279,1.20239,1.37111,508.0,756.0
우성사료,2754.5366,-0.691,0.38,10.468725,0.708,0.421,-0.5868,37.93042,6440.2437,8914.358,77.64216,0.45728,0.33037,2945.0,2405.0
우신시스템,2439.7256,2.749,-0.32299999999999995,-7.884039,-0.659,-0.29100000000000004,16.5083,-42.68712,7029.6606,13324.932,-194.67232,1.18213,0.62364,8310.0,6660.0
우진,982.6086,-2.83,-15.85,-155.74315,-14.172,-8.39,2.6261,-907.11615,6859.984,5660.1875,-5.30252,0.70117,0.8498,4810.0,4780.0
우진플라임,2295.8967,2.708,0.324,7.4365897,0.923,0.241,1.6252,74.32467,8114.1357,22958.967,115.70855,1.05988,0.37458,8600.0,5220.0
웅진,2828.341,3.669,2.456,69.469215,2.539,0.82,10.884,118.13653,4732.561,3891.648,18.96111,0.47332,0.5755899999999999,2240.0,2115.0
웅진씽크빅,6243.0845,5.481,3.994,249.37526,8.613,4.784,9.8616,533.6695,6658.2505,13367.243,10.72095,0.8591799999999999,0.42803,5721.0,2695.0
웅진에너지,2430.5742,1.5519999999999998,0.56,13.618529999999998,1.378,0.422,1.4675,55.33405,4280.505,9875.773,148.5523,1.92033,0.83234,8220.0,1525.0
원림,740.81964,6.724,7.443,55.135834,4.229,3.816,9.4223,1685.3818,45515.164,33673.62,13.73576,0.50862,0.68748,23150.0,18650.0
웰바이오텍,707.8577,-7.247000000000001,-12.351,-87.43063000000002,-29.571,-11.906,-11.067,-573.2511599999998,1669.7292,4641.725,-6.2450800000000015,2.14406,0.7712600000000001,3580.0,5020.0
윌비스,2909.665,2.407,0.224,6.5230002,0.42,0.201,1.1223,10.15065,2655.6548,5104.676,159.59566,0.61002,0.31736,1620.0,1315.0
유나이티드,1970.2327,16.098,14.142,278.6365,14.701,11.145,18.9837,1719.2014,13621.84,12156.436000000005,17.71171,2.23538,2.50485,30450.0,22950.0
유니드,7623.8735,8.8,5.3889999999999985,410.86407,6.19,3.804,6.3268,4453.5127,73290.016,85759.375,10.45242,0.63515,0.5428,46550.0,42000.0
유니온,1811.3905,0.255,1.032,18.688532,,,,323.20016,10623.557,11602.835,12.09777,0.36805,0.33699,3910.0,3815.0
유니온머티리얼,1098.9829,1.5519999999999998,-0.768,-8.441787,-0.857,-0.5920000000000001,1.9847,-19.34791,2300.7175,2616.6257,-126.62865,1.06489,0.93632,2450.0,1815.0
유니퀘스트,2460.9214,3.573,3.559,87.57376,5.481,3.177,7.7044,361.15448,6677.0063,9098.03,26.74756,1.44676,1.06177,9660.0,6380.0
유성기업,2517.2870000000007,1.291,2.673,67.291534,2.365,1.771,-1.4147,240.32071,10334.273,9701.463,14.81354,0.34448,0.36695,3560.0,2910.0
유수홀딩스,4335.5244,13.358,5.1560000000000015,223.52354,-2.115,4.496,11.0391,-163.21255,7754.513000000001,16648.32,-38.90632,0.81888,0.38142,6350.0,6450.0
유안타증권,19280.25,3.032,3.666,706.82654,6.63,0.642,,332.6414,5350.5854,9073.501,11.60409,0.72142,0.42541,3860.0,3140.0
유양디앤유,1121.1945,-2.885,3.665,41.089375,4.438,2.702,14.178,81.95034,2412.5862,2236.1567,56.25358000000001,1.91081,2.06157,4610.0,7270.0
유엔젤,319.07135,-3.076,-20.754,-66.218925,-14.666,-12.095999999999998,4.8105,-484.7452,3530.5254,2418.04,-9.06662,1.24486,1.81759,4395.0,4375.0
유진증권,7318.1619999999975,9.76,7.669,561.2013,8.179,0.857,,579.35583,7310.972,7554.9014,6.03256,0.47805,0.46261,3495.0,2375.0
유한양행,14622.48,6.067,7.497999999999997,1096.3666,7.0420000000000025,5.296,9.4419,8012.7715,127238.56,107458.586,25.0375,1.57672,1.86695,200619.0,195771.0
유화증권,188.40947,38.5,41.83600000000001,78.82239,1.719,1.245,,531.2997,36933.934,1269.9678,29.92661,0.4305,12.52,15900.0,13400.0
율촌화학,4922.0464,8.205,5.513,271.35373,8.259,4.913,6.6606,1094.1682,13546.444,19846.963,19.37545,1.56499,1.06817,21200.0,12900.0
이건산업,2986.6768,5.358,1.823,54.44934,3.415,1.196,1.942,569.5169999999998,16513.758,31862.898,16.71592,0.57649,0.29878000000000005,9520.0,10250.0
이구산업,2292.6997,6.2120000000000015,4.9060000000000015,112.47919,10.640999999999998,4.231,5.5359,336.3411,3301.7803,6855.7495,6.36259,0.6481399999999999,0.31215,2140.0,1905.0
이마트,155149.02,3.77,4.047,6279.386,7.731,3.987,5.2845,22100.922,295780.12,556572.06,12.26193,0.91622,0.48691,271000.0,182500.0
이수페타시스,5313.403,-1.511,-2.8,-148.79126000000005,-7.5870000000000015,-2.877,-3.5437,-340.41885,4383.286,12875.233,-12.41118,0.96389,0.32815,4225.0,6510.0
이수화학,15077.522,2.064,-0.061,-9.268167,1.208,-0.08800000000000001,-3.7617,227.40382,19387.422,98687.805,67.06132,0.78659,0.15453,15250.0,10000.0
이스타코,538.79626,0.047,-5.535,-29.82263,-4.421,-2.903,0.8791,-43.47974,1063.2195,1257.3539,-18.95136,0.775,0.6553399999999999,824.0,625.0
이아이디,843.8044,-5.332000000000002,0.841,7.0936527,1.49,1.024,-13.5413,6.21586,559.5106,729.2792400000003,57.7555,0.64163,0.49227,359.0,194.0
이연제약,1262.5312,12.674,10.207,128.869,,,,768.44965,13099.652,7528.5107,27.97841,1.64126,2.85581,21500.0,13900.0
이월드,350.25024,19.091,10.731,37.58538400000001,2.894,1.658,2.8106,41.52627,1455.3661,386.97455,41.78078,1.19214,4.4835,1735.0,2490.0
인디에프,2010.7966,0.8140000000000001,0.38,7.6394353000000015,1.156,0.506,3.3349,12.96292,1128.492,3412.005,80.61457,0.92601,0.30627,1045.0,2270.0
인스코비,495.66498,-0.403,-0.918,-4.5516667,-1.756,-1.0,-13.5826,-6.8665699999999985,396.27625,572.0974,-327.67453,5.67786,3.9329,2250.0,4970.0
인지컨트롤스,5408.5454,0.923,-0.172,-9.307621,-0.008,-0.199,1.3804,-0.99246,13230.223,35676.12,-5723.172,0.42932,0.15921,5680.0,6730.0
인천도시가스,5376.163000000001,2.77,2.5540000000000003,137.2865,8.224,3.662,7.933,3138.1538,41492.094,122890.64,9.4801,0.7170000000000001,0.24209,29750.0,29500.0
인터지스,5019.652,2.969,1.178,59.127563,2.879,1.155,5.2368,202.32936,7834.166,16873.984,14.92616,0.38549,0.17897000000000002,3020.0,2310.0
인팩,2388.0154,-1.022,-0.8540000000000001,-20.38662,-1.466,-0.85,-2.882,-152.49129,10077.511,23880.154,-29.80498,0.451,0.19033,4545.0,3115.0
일동홀딩스,410.70663,-4.447,-1.35,-5.5465374,0.053,-0.232,-3.2326,6.91605,15284.48,3847.8142,1999.6077,0.94842,3.59409,14496.0,13150.0
일성건설,4208.3364,3.072,-2.857,-120.23579,-13.213,-4.126,69.8878,-222.29091,1560.0383,7789.626999999998,-4.63357,0.6602399999999999,0.13223,1030.0,1410.0
일성신약,670.43036,3.864,3.921,26.28653,0.818,0.7659999999999999,0.6525,988.2154,240239.56,25204.148,135.59798,0.55778,5.31659,134000.0,95600.0
일신방직,4924.6587,2.937,3.4610000000000003,170.42407,2.341,1.893,2.9935,6655.016,296289.88,205194.12,16.52889,0.37126,0.53608,110000.0,96000.0
일신석재,527.0296,1.848,0.321,1.6904591,0.335,0.217,1.8266,2.18246,655.0982,680.4192,565.87537,1.88521,1.81506,1235.0,2285.0
일양약품,2698.11,9.056,4.796,129.41365,3.284,3.018,5.1888,321.40717,10313.943,13842.806,119.94131000000002,3.73766,2.78484,38550.0,27500.0
일정실업,490.86383,-13.005999999999998,-11.618,-57.028595,-10.386,-8.424,-12.3416,-4752.3833,42431.1,40905.32,-5.23948,0.58683,0.6087199999999999,24900.0,19250.0
일진다이아,1189.1246,12.331,6.19,73.60955,8.373,4.852,11.1229,649.3731,8263.83,10166.297,30.4713,2.3944400000000003,1.94635,19787.0,27171.0
일진디스플,2512.881,7.851,6.99,175.64291,23.979,10.928,18.934,620.32983,2925.9832,8874.91,12.41275,2.63159,0.86761,7700.0,3240.0
일진머티리얼즈,4540.355,10.907,9.292,421.89453,10.331,8.105,21.004,1000.0349,11531.09,10762.199,38.29866,3.32146,3.55875,38300.0,41000.0
일진전기,7619.844,0.7829999999999999,-0.274,-20.879957,-0.655,-0.281,0.955,-56.30998,8577.011,20549.525,-78.84926,0.51766,0.21606,4440.0,3000.0
일진홀딩스,9399.508,1.01,-2.106,-197.92336,-7.144,-1.845,4.1212,-397.59576,5837.0767,19047.594,-13.15406,0.8959999999999999,0.27458,5230.0,3030.0
자화전자,4456.3164,6.26,5.5870000000000015,248.99512,8.477,5.6110000000000015,13.1634,1322.1805,16853.357,24895.623,20.1561,1.58129,1.07047,26650.0,11800.0
전방,1824.8514,-9.945,-7.146,-130.39711,-7.7570000000000014,-2.905,-4.9823,-7169.0425,130676.984,108622.11,-2.69213,0.14769000000000002,0.17768,19300.0,17150.0
제이준코스메틱,1297.1329,17.194000000000006,20.873,270.75595,25.325,20.166,17.3712,1080.9807,4867.0547,5178.7437,13.83003,3.07167,2.8868,14950.0,10900.0
제이콘텐트리,4203.194,7.934,2.59,108.8551,5.312,1.796,4.7974,532.4939,13269.945,34770.85,97.50328,3.91259,1.4932,51919.0,44600.0
제일기획,33749.867,4.638,3.804,1283.7289,15.805,5.849,22.3665,1105.284,8353.786,29337.195,19.18059,2.53777,0.72263,21200.0,22500.0
제일연마,824.51324,7.635,4.872,40.16762,5.603,4.0710000000000015,8.4346,400.3847,9684.766,8245.133,14.735829999999998,0.6092,0.7155699999999999,5900.0,6210.0
제일파마홀딩스,482.3636,9.054,1079.84,5208.754,230.263,141.524,82.14,59088.316,54527.668,5477.471,0.60587,0.65655,6.53586,35800.0,25800.0
제주은행,2086.61,16.155,12.05,251.43,6.791,0.468,,1126.5807,18137.89,9349.459,6.29724,0.39113,0.7588,7094.0,4655.0
제주항공,9963.573,10.169,7.808,777.9671599999997,25.788,11.108,184.5646,2953.906,12643.008,37831.24,11.96721,2.79601,0.93441,35350.0,33550.0
조광페인트,2012.4502,2.569,2.137,43.001545,2.356,1.662,1.4305,335.9496,17316.855,15722.268,30.06404,0.58325,0.6424,10100.0,6530.0
조광피혁,1742.9441,14.09,12.633,220.19014,10.222,9.343,21.4289,3311.559,62746.56200000001,26213.082,12.35068,0.65183,1.56029,40900.0,34450.0
조비,599.47614,2.692,1.755,10.521158,2.504,1.155,1.5730000000000002,230.40091,9202.378,13127.817,49.913,1.24968,0.8759999999999999,11500.0,23200.0
조선내화,6943.3384,-0.456,3.268,226.91693,2.495,2.3040000000000003,0.0039,3431.4875,171476.28,173583.47,25.38258,0.50794,0.50178,87100.0,83500.0
조선선재,660.1084599999998,26.757,23.286,153.71416000000005,16.584,14.444,70.5148,12222.322,84109.67,52487.414,6.79085,0.98681,1.58133,83000.0,79000.0
조일알미늄,2991.6511,-0.149,-0.613,-18.328526,-0.934,-0.557,-0.3802,-26.334090000000003,2803.614,4298.349,-42.72029000000001,0.40127,0.26173,1125.0,891.0
조흥,1621.2727,8.682,6.9689999999999985,112.982605,9.675,6.807,9.5698,18830.434,200651.97,270212.12,15.29439,1.4353200000000002,1.0658299999999998,288000.0,182500.0
종근당,8843.628,8.793,6.075,537.28253,,,,4942.932,36921.105,81240.9,24.31741,3.25557,1.47954,120199.0,97197.0
종근당바이오,1181.8707,7.643,6.783,80.16299000000002,5.784,4.449,5.6777,1461.2384,26373.46,21543.545,13.930179999999998,0.77181,0.94485,20355.0,19783.0
종근당홀딩스,4507.351,9.65,14.957,674.183,12.482,8.844,16.3335,9582.927,81621.695,89969.586,7.565539999999999,0.8882399999999999,0.80583,72500.0,62500.0
주연테크,609.06836,-11.115,-10.155,-61.851875,-13.9,-11.723,-33.5567,-82.01935,499.8068,895.6824300000003,-6.4009300000000025,1.05041,0.58615,525.0,401.0
지엠비코리아,4668.389,2.894,2.5340000000000003,118.29292,5.084,2.53,3.2405,600.8575400000002,12010.67,24477.35200000001,13.86352,0.69355,0.34031,8330.0,8280.0
지역난방공사,18344.223,6.53,3.809,698.7813,3.845,1.287,1.7917,6035.0356,158025.12,158430.17,12.09603,0.46195,0.46077,73000.0,57000.0
지코,721.0414,-4.002,-7.529,-54.288544,-29.086,-9.541,-6.7046,-114.06083999999998,391.83646,1514.9160000000006,-5.76885,1.67927,0.43435,658.0,680.0
지투알,5013.007000000001,3.932,2.3280000000000003,116.692,8.712,2.101,,704.5153,7518.7944,30258.242,14.619979999999998,1.3699,0.3404,10300.0,7530.0
진도,1282.6041,8.934,7.407,94.99896,9.592,6.175,7.7352,762.20795,8225.194,10290.755,7.0190800000000015,0.65044,0.51988,5350.0,4875.0
진양산업,448.21948,4.118,3.713,16.64285,4.779,3.56,4.0497,128.02193,2631.7341,3447.842,22.80859,1.10953,0.84691,2920.0,5240.0
진양폴리우레탄,236.46887,-3.254,2.267,5.3600025,2.991,1.528,-1.5247,53.60003,1819.6273,2364.6887,30.597,0.90128,0.6935399999999999,1640.0,2245.0
진양홀딩스,2652.2527,5.916,6.574,174.3596,3.297,3.15,4.8592,178.97198,5571.7705,4745.0376,16.7624,0.53843,0.6322399999999999,3000.0,2695.0
진양화학,495.92413,-1.354,-0.682,-3.3831491,-1.13,-0.8009999999999999,-2.1427,-28.19291,2441.1953,4132.701,-81.04875,0.93602,0.55291,2285.0,6300.0
진원생명과학,271.71387000000004,-91.499,-87.333,-237.29655,-65.558,-42.642,-198.2146,-1166.0106,1538.4341,1335.1279,-4.54232,3.44272,3.96696,5296.0,3889.0
진흥기업,5733.0986,7.257999999999999,3.808,218.3187,66.293,7.0920000000000005,394.1604,163.9263,518.0985,4304.7417,11.68208,3.69621,0.44486,1915.0,2065.0
참엔지니어링,2763.3728,10.764,5.289,146.14996000000005,18.418,2.039,7.691,169.87048,1029.7026,5617.7580000000025,15.71786,2.59298,0.47528,2670.0,1615.0
천일고속,552.4592,-3.641,49.06,271.03912,63.037,45.029,-7.7592,18964.129,33032.234,38654.598,4.99364,2.8669,2.4499,94700.0,79400.0
청호컴넷,345.94272,-16.236,-16.572,-57.3288,-22.041,-8.007,-23.8556,-703.60974,3011.683,4129.9927,-4.4484900000000005,1.03929,0.7578699999999999,3130.0,2770.0
카카오,19723.266,8.385,6.3420000000000005,1250.939,2.911,2.114,3.8454,1602.2797,59336.395,29100.506,85.50318,2.30887,4.70782,137000.0,103000.0
카프로,5412.963000000002,4.479,2.281,123.487404,4.791,2.638,6.4508,308.7185,6589.727,13532.407,24.55311,1.15028,0.56014,7580.0,4335.0
컨버즈,906.55774,-18.306,-20.125,-182.44624,-129.143,-25.481,-55.8963,-18446.37,6720.9497,136339.5,,0.52076,,1750.0,2450.0
케이비아이동국실업,6019.554,-6.102,-6.8279999999999985,-411.01828,-19.04,-6.966,-13.5411,-950.65955,3298.1685,16943.072,-1.12027,0.32291,0.06286,1065.0,836.0
케이씨,5729.53,9.691,14.842,850.3929400000003,27.725,20.032,54.1149,2439.2283,17092.154,19049.053,10.12615,1.44511,1.29665,24700.0,11750.0
케이씨씨,38639.902,8.536,1.095,422.99634,0.708,0.452,4.3326,3958.229,595438.5,366029.0,96.25517,0.63986,1.0409,334496.0,271284.0
케이씨티시,3645.507,3.17,2.467,89.947395,4.959,2.523,3.2071,297.21213,6110.834,12151.69,8.613380000000001,0.41893,0.21067,2560.0,2875.0
케이티,233872.67,5.88,2.401,5615.26,4.099,1.862,5.9096,1825.8232,48221.043,89568.016,16.567870000000006,0.62732,0.33773000000000003,30250.0,29800.0
케이티스카이라이프,6858.2153,10.99,8.357000000000001,573.1401400000002,10.249,7.2970000000000015,15.8616,1199.8851,12148.419,14341.14,11.20941,1.10714,0.93786,13450.0,11500.0
케이티앤지,46671.934,30.556,24.945,11642.082,15.708,11.764,25.0844,8476.43,61553.445,33994.527,13.62602,1.87642,3.39761,115500.0,101500.0
코리아써키트,5915.989000000001,1.871,5.008,296.2969,6.545,5.502000000000002,4.0684,855.48315,13412.8125,21615.545,15.42988,0.98413,0.6106699999999999,13200.0,5110.0
코리안리,91167.625,1.927,1.459,1330.0847,6.223,1.354,,1105.005,18830.271,75740.05,9.95471,0.58417,0.14523,11000.0,8660.0
코스맥스,8839.5,3.975,1.756,155.2015,8.789,1.94,3.1316,1876.2284,21711.879,87959.52,62.35914,5.38876,1.33016,117000.0,130000.0
코스맥스비티아이,2982.8733,3.398,1.961,58.49104000000001,1.328,0.8290000000000001,1.5191,400.27222,30218.162,31058.91,82.19406,1.08875,1.05928,32900.0,19550.0
코스모신소재,3146.0464,2.694,2.614,82.23956,13.106,3.849,7.1859,465.6072,3536.4678,17811.645,30.02532,3.9531,0.78488,11198.0,15699.0
코스모화학,4316.4697,4.79,6.3329999999999975,273.3684,23.849,5.86,4.9264,1301.2108,6003.8022,26195.28,17.972179999999994,3.89513,0.89275,24582.0,11331.0
코아스,1140.6638,0.578,-0.488,-5.5694327,-3.12,-0.7140000000000001,1.967,-24.28979,759.74945,3690.6077,-45.69822,1.46101,0.30076,1110.0,1350.0
코오롱,44058.19,2.474,2.236,985.20276,12.726,2.806,11.9664,6562.4146,57444.91,335360.16,9.35631,1.06885,0.18309,61400.0,30900.0
코오롱글로벌,36536.06,1.985,0.417,152.49106,3.383,0.7020000000000001,12.3291,658.8742,18348.645,157862.81,14.8435,0.53301,0.06195,9780.0,7130.0
코오롱머티리얼,3544.605,-12.626,-16.128,-571.6849,-36.363,-21.046,-27.8013,-1270.4109,2864.791,7876.9,-2.43228,1.07861,0.39229,3090.0,3000.0
코오롱인더,46070.4,4.297,2.664,1227.3582,6.487,2.25,5.4448,4829.5884,76823.805,164730.53,18.42807,1.1585,0.54028,89000.0,57300.0
코오롱플라스틱,2622.421,7.478,6.682,175.21747,9.482,5.292000000000002,7.178,460.40347,5114.4624,6901.108,17.02854,1.53291,1.13605,7840.0,5610.0
코웨이,25167.725,18.784,12.937,3256.074,30.123,15.781,23.4099,4327.6616,13619.103,33401.645,22.5757,7.17375,2.92501,97700.0,74100.0
콤텍시스템,1436.2295,1.481,0.603,8.6598625,1.516,0.731,35.9252,21.456670000000006,1430.6531,3567.7046,44.57009,0.66845,0.26804,956.0,1302.0
쿠쿠홀딩스,4501.676,14.372,100.402,4519.7544,96.957,75.051,57.8894,47436.227,80970.51,47777.164,3.13052,1.834,3.10818,127500.0,118500.0
큐로,1561.8912,4.314,-4.518,-70.56506,-10.653,-3.2030000000000003,4.14,-79.13701999999998,662.4266,1751.6235,-7.8597899999999985,0.93897,0.3551,622.0,513.0
크라운해태홀딩스,9489.419,3.604,18.478,1753.4845,58.107,14.089,4.418,13844.117,18982.143,77444.61,1.09072,0.79548,0.19498,15100.0,11300.0
키다리스튜디오,142.86728,-3.467,-15.855,-22.651419,,,,-141.55257,1041.4506,902.3644,-18.79161,2.55413,2.94781,2660.0,2245.0
키움증권,12162.9,25.968000000000004,19.866,2416.268,17.355999999999998,2.319,,10870.477,68988.164,55036.395,8.05852,1.26978,1.59167,87600.0,78200.0
키위미디어그룹,358.6744,-12.061,-108.735,-390.0049,,,,-264.2661,325.6659,247.51842,-2.7320900000000004,2.217,2.91695,722.0,410.0
태경산업,5637.37,3.475,1.083,61.06016,4.561,1.253,1.0667,283.0580700000001,6365.6206,19287.072,18.37079,0.81689,0.26961,5200.0,5580.0
태경화학,488.89792,3.676,3.352,16.390192000000006,1.6980000000000002,1.465,3.0108,141.29477,8401.436,4214.637,32.30834,0.5433600000000001,1.08313,4565.0,4640.0
태광산업,29158.23,8.272,6.145,1791.8435,5.289,4.518,11.3633,124662.25,3215562.5,2618846.0,10.56455,0.40957,0.50289,1317000.0,1320000.0
태림포장,5656.894,0.586,-0.12,-6.7741985,0.002,-0.099,0.2731,0.07794,4395.9766,7989.293000000002,31885.436,0.56529,0.31104,2485.0,3975.0
태양금속공업,4691.6963,2.127,-0.888,-41.673138,-3.887,-1.111,0.4337,-102.24538,2598.19,11729.241000000002,-16.62667,0.6543,0.14494,1700.0,1350.0
태영건설,32664.158,9.525,3.774,1232.7509,10.118,2.992,9.7983,1143.1633,13508.977,41369.3,9.01009,0.76246,0.24898,10300.0,11350.0
태원물산,249.00925,1.04,3.32,8.26728,2.542,1.926,0.9087,108.78,4443.5386,3276.4375,31.85328,0.77978,1.05755,3465.0,5210.0
태평양물산,9221.959,2.569,1.075,99.17161,7.862999999999999,1.828,5.8405,208.8965,2864.2998,19980.35,16.80258,1.22543,0.17567,3510.0,2565.0
텔코웨어,414.0158,12.585,12.802,53.004337,4.974,4.508,20.1462,546.28406,19166.342,4267.0137,22.05812,0.62871,2.82399,12050.0,12750.0
티비에이치글로벌,6944.745,2.934,0.14300000000000002,9.93367,-0.561,0.17800000000000002,6.0326,-47.78747,7081.983,33297.24,-164.47826,1.10986,0.23606,7860.0,2990.0
티에이치엔,3127.1653,3.097,1.004,31.409786,8.599,1.541,7.4414,175.90205,2099.964,17373.14,9.72132,0.8143,0.09843,1710.0,2385.0
티웨이홀딩스,6127.874,7.43,6.057,371.1472,45.49,15.565,783.4131,433.38788,1176.7108,8928.918,8.06437,2.97014,0.39142,3495.0,2380.0
파미셀,251.9746,-18.089,-87.155,-219.60864,-29.532,-26.807,-9.8717,-376.00934,927.00287,431.42563,-15.1592,6.14885,13.21201,5700.0,12200.0
팜스코,10232.575,4.08,3.847,393.63763,13.072,5.67,6.664,1078.9097,8872.748,27860.463,10.7516,1.30737,0.4163600000000001,11600.0,7780.0
팬오션,23362.4,8.347999999999999,6.0470000000000015,1412.75,5.8039999999999985,3.435,5.705,267.65848,4469.334,4371.085999999998,19.68927,1.17915,1.20565,5270.0,4445.0
퍼스텍,1619.5902,0.662,2.33,37.73446,4.935,1.889,2.4876,77.27157,1634.3779,3463.2646,42.70652000000001,2.01912,0.95286,3300.0,2770.0
퍼시스,2894.6090000000013,7.9529999999999985,7.621,220.61157000000003,5.863,5.171,13.4123,1918.3616,40756.93,25170.512,17.20218,0.8096800000000001,1.31106,33000.0,30700.0
페이퍼코리아,5565.1626,-7.0760000000000005,-19.285,-1073.2269,-123.193,-17.836,-10.0546,-3530.5605,1031.3927,18505.332,-0.34839000000000003,1.19256,0.06647,1230.0,935.0
평화산업,3245.3613,-2.732,-2.442,-79.253105,-12.481,-4.6160000000000005,-4.5695,-183.12822,1581.2666,7498.978,-7.0610399999999975,0.81775,0.17243,1293.0,2221.0
평화홀딩스,5500.5957,-1.086,-0.997,-54.86688,-1.324,-1.138,0.7296,-136.95096,11920.243,37609.71,-25.08197,0.28817,0.09133,3435.0,6200.0
포스코,606551.0,7.62,4.902,29734.691000000013,6.481,3.745,6.9146,32001.457,546663.7,695691.06,10.39015,0.60824,0.47794,332500.0,243000.0
포스코강판,9120.598,2.674,1.922,175.27988,8.604,4.207,7.8223,2998.8152,35655.293,152009.97,9.50375,0.79932,0.18749,28500.0,20700.0
포스코인터내셔널,225716.53,1.778,0.7390000000000001,1668.1874,6.605,1.911,4.3817,1443.8472,22774.146,185296.52,12.57058,0.79696,0.09795,18150.0,18200.0
포스코케미칼,11971.589,8.684,8.684,1039.5956,17.160999999999998,13.331,22.3578,1753.3214,10910.062,20266.783,22.69977,3.64801,1.9638,39800.0,63700.0
폴루스바이오팜,296.22794,-11.753,-10.062,-29.806454,-18.123,-5.209,-33.9982,-164.54214,878.6062599999997,1642.049,-55.91273,10.47113,5.60276,9200.0,6010.0
풀무원,21956.576,2.404,1.385,304.0681,14.585,2.81,4.7677,1010.88544,7192.02,57642.5,17.014789999999998,2.39154,0.29839,17200.0,7960.0
풍산,29449.63,8.186,5.117,1506.9484,11.856,5.5360000000000005,7.7958,5372.408,46659.625,105086.13,8.84147,1.01801,0.45201,47500.0,27350.0
풍산홀딩스,3147.631,23.392,21.51,677.05334,10.267,8.564,31.2772,8554.796,103581.59,40173.12,6.1369099999999985,0.50685,1.30684,52500.0,36750.0
필룩스,1120.0782,7.497999999999997,3.327,37.26242,5.074,2.085,5.8101,143.21742,2970.5974,3736.108,22.30874,1.07554,0.8551700000000001,3195.0,12200.0
하나금융지주,391711.34,6.939,5.404,21166.22,8.787,0.598,,6881.1416,80653.52,132333.55,7.23717,0.61746,0.37632,49800.0,36250.0
하나투어,8043.3867,5.112,1.607,129.2974,6.619,2.252,,1134.9828,18876.326,69242.93,90.75028,5.45657,1.4875200000000002,103000.0,68800.0
하이스틸,2117.226,5.175,3.953,83.702614,,,,4185.2476,68083.75,105864.266,5.352130000000002,0.32901,0.21159,22400.0,26900.0
하이트론씨스템즈,375.70264,-30.366,-30.264,-113.70253,-29.586,-18.675,-28.4614,-2055.8303,6949.028,6792.9966,-2.02108,0.5979300000000001,0.61166,4155.0,3620.0
하이트진로,18899.102,4.617,0.674,127.35966,1.011,0.369,0.7821,177.94913,17437.311999999998,26518.19,135.43196,1.38209,0.90881,24100.0,16600.0
하이트진로홀딩스,18812.227,5.3210000000000015,-0.405,-76.15475,-2.799,-0.19,-2.2025,-607.8831,22790.027,79451.664,-16.61504,0.44318,0.12712,10100.0,7010.0
한국가스공사,221721.67,4.669,-5.375,-11917.3545,-14.034,-3.088,1.8821,-13054.608,89155.47,240184.67,-3.25939,0.47726,0.17715999999999998,42550.0,48200.0
한국공항,4854.4453,5.564,4.609,223.75273,7.489,5.666,11.0453,7066.5713,103259.21,153313.36,7.4718,0.5113300000000001,0.34439000000000003,52800.0,42700.0
한국금융지주,66219.75,9.88,6.9929999999999986,4630.8433,14.106,1.0759999999999998,,8284.83,66033.4,107527.1,8.32847,1.04493,0.6417,69000.0,59500.0
한국내화,2704.3484,3.99,4.306,116.44297,10.073,5.532,9.4499,509.2934,5792.8047,11828.167,5.9199699999999975,0.52047,0.2549,3015.0,5520.0
한국단자공업,7444.464,8.885,6.692,498.18088,7.724,5.871,11.3155,4783.302,64864.4,71478.29,13.98616,1.03138,0.93595,66900.0,40600.0
한국석유공업,4244.8945,3.345,2.325,98.698135,6.799,3.608,3.5668,14846.709,227761.22,647877.7,6.49976,0.42369,0.14895,96500.0,134500.0
한국수출포장공업,2443.838,-2.815,-2.157,-52.724697,-2.391,-1.761,-2.5782,-1318.1174,54230.1,61095.95,-11.87299,0.28859,0.25615,15650.0,19450.0
한국쉘석유,2105.362,14.268,11.515,242.43288,24.642,19.095,47.7493,18648.684,76494.18,161950.94,20.59127,5.01999,2.37109,384000.0,336500.0
한국전력공사,598148.6,8.281,2.41,14413.94,1.811,0.802,2.1236,2023.0415,111659.586,93174.78,18.85774,0.34166,0.40945,38150.0,33100.0
한국전자홀딩스,2464.4639,2.5340000000000003,2.025,49.905804,3.724,1.203,2.0354,94.34924,2723.172,5265.5957,8.55333,0.29635,0.15325999999999998,807.0,810.0
한국제지,6778.9106,1.4340000000000002,1.179,79.95544,1.978,1.065,0.8197,1968.0742,103543.34,135444.14,11.38168,0.21633,0.16538,22400.0,16300.0
한국조선해양,154688.36,0.095,17.41,26931.42,18.166,6.787000000000001,-2.5704,37625.09,185394.86,236808.58,2.5501,0.51753,0.40517,95947.0,128500.0
한국종합기술,1996.0454,-3.634,-3.916,-78.15611,-6.601,-3.303,-8.7991,-713.75446,10445.972,18228.725,-7.20136,0.4920600000000001,0.28197,5140.0,5500.0
한국주강,299.2064,-6.981,-15.793,-47.25309,-7.939,-6.31,-3.8896,-417.82657,5055.8237,2645.6765,-5.40894,0.44701,0.8542200000000001,2260.0,1595.0
한국철강,7388.7036,6.24,-5.871,-433.759,-5.8329999999999975,-4.747,3.0583,-941.93054,15603.221,16044.959,-8.01545,0.48387,0.47055,7550.0,5520.0
한국카본,2390.5737,2.437,0.311,7.4413433000000015,0.238,0.197,2.9767,16.92724,7564.744000000002,5437.972,316.64935,0.70855,0.98566,5360.0,7040.0
한국콜마,8216.16,8.152000000000001,5.915,486.01114,16.439,8.369,11.6134,2239.7803,14458.139,38937.082,36.61073,5.67155,2.10596,82000.0,70500.0
한국콜마홀딩스,4083.2773,15.134,12.653,516.63995,10.258,7.8610000000000015,23.6885,1673.6646,17643.045,24379.324,24.37765,2.31253,1.67355,40800.0,29550.0
한국타이어앤테크놀로지,68128.58,11.646,8.902000000000003,6064.5684,9.735,6.3370000000000015,10.8142,4836.0329999999985,51340.6,54997.81200000001,11.29025,1.06349,0.99277,54600.0,40150.0
한국테크놀로지그룹,8248.463,24.165,29.402,2425.1729,8.055,7.563,57.8472,2505.9072,32549.338,8867.391,7.54218,0.5806600000000001,2.1314,18900.0,16600.0
한국토지신탁,2499.7017,68.462,67.131,1678.0807,25.664,15.501,,662.076,2917.228,990.0231,4.72755,1.07294,3.16154,3130.0,2700.0
한국특수형강,3462.6658,2.457,3.349,115.96252,19.222,3.314,1.9661,643.4898,3429.6055,19214.746,3.29454,0.61815,0.11033,2120.0,2500.0
한국프랜지공업,7210.095,-2.3680000000000003,-3.274,-236.03084,-9.807,-3.57,-6.8779,-708.1793,6832.075,23678.146,-2.7959,0.28981,0.08362,1980.0,1360.0
한국항공우주,20722.492,-10.08,-11.349,-2351.8586,-18.189,-7.6179999999999986,-12.4439,-2412.7786,11699.45,21259.266,-19.666120000000006,4.05575,2.23197,47450.0,31900.0
한국화장품,1512.56,5.018,2.6630000000000003,40.28516,7.006,4.055,10.3557,250.7167,3691.501,9413.493,69.00218000000001,4.68644,1.83779,17300.0,10750.0
한국화장품제조,671.7547,4.329,6.595,44.300674,9.682,6.492000000000001,8.6103,977.50824,13102.823,14822.479,49.41135,3.68623,3.25856,48300.0,35700.0
한농화성,2362.9585,3.362,3.685,87.07593,8.295,5.403,5.1844,556.85675,7090.3833,15111.289,7.497439999999999,0.58883,0.27628,4175.0,4005.0
한독,4179.7,-0.448,0.826,34.53096,1.723,0.547,-0.3904,386.5733,22838.195,33187.816,85.36544,1.44495,0.99434,33000.0,30700.0
한라,16414.525,9.108,2.84,466.1095,12.803,2.174,10.8671,994.0571,8381.844000000001,35171.953,4.09936,0.48617,0.11586,4075.0,4310.0
한라홀딩스,8907.26,7.148,4.886,435.20026,4.642,2.311,11.7573,3982.127,87515.23,82454.08,15.74535,0.71645,0.76042,62700.0,43750.0
한미글로벌,2008.3586,5.388,4.834,97.07584,9.081,6.117000000000001,11.585,824.4291400000003,10001.04,18494.475,10.88026,0.89691,0.4850100000000001,8970.0,9520.0
한미반도체,1973.0005,26.181,4.815,95.00247,4.573,3.333,22.5891,149.417,3923.555,3103.0752,79.30824,3.02022,3.81879,11850.0,7780.0
한미사이언스,6523.2437,2.142,4.724,308.18256,4.589,3.23,25.5097,455.51355,10280.445,9882.033,235.00102,10.4126,10.8324,107046.0,77580.0
한미약품,9165.862,8.964,7.525,689.73584,8.815,4.234,7.2226,5102.9355,60357.81200000001,77394.58,110.2768,9.32332,7.2709899999999985,562735.0,455673.0
한샘,20625.145,6.814,4.651,959.3754,18.295,10.233,30.4807,4077.1511,28787.84,87640.05,44.14847,6.25264,2.05386,180000.0,67400.0
한섬,12286.758,4.476,4.383,538.5625,5.965,4.703,2.4791,2186.6118,42125.06,49885.336,14.382979999999998,0.74659,0.63045,31450.0,36250.0
한성기업,3227.9736,2.08,0.8029999999999999,25.933004,4.75,1.162,5.8288,473.40704000000005,11031.499,58926.66,13.835870000000002,0.59375,0.11116,6550.0,5810.0
한세실업,17113.334,3.304,2.694,460.9733,9.343,3.737,6.6989,1081.2719,12122.188999999995,42783.336,24.92435,2.2232,0.62992,26950.0,19850.0
한세엠케이,3288.98,2.898,2.272,74.71384,4.755,3.3760000000000003,5.3392,578.7588,12440.277,25477.559,20.56124,0.95657,0.46708,11900.0,7700.0
한세예스24홀딩스,24622.969,3.1860000000000004,2.4530000000000003,604.0239,11.522,3.518,6.7896,792.4789999999997,7241.9946,61557.42,13.565029999999998,1.4844,0.17463,10750.0,8010.0
한솔로지스틱스,3552.6667,0.648,0.8079999999999999,28.711912,6.295,3.026,5.8282,137.34045,2258.286,16993.811999999998,12.65912,0.76988,0.10231,1738.0,1325.0
한솔케미칼,5215.7440000000015,15.175999999999998,11.134,580.71497,17.994,8.162,11.7027,4803.7397,28925.496,46176.66,15.09241,2.50644,1.57006,72500.0,77500.0
한솔테크닉스,9352.553,3.256,1.998,186.82845,8.961,3.681,7.346,778.7683,9136.052,38943.125,19.75032,1.68354,0.39497,15380.0,5728.0
한솔피엔에스,2237.7815,1.535,1.101,24.648878,7.107,2.411,16.3044,120.27943,1754.0583,10919.7295,11.97212,0.82095,0.13187,1440.0,1355.0
한솔홀딩스,6867.9434,3.73,-12.625,-867.1016,-11.109000000000002,-4.769,2.1025,-1163.7313,10856.311000000003,14555.761,-3.85654,0.4134,0.30833,4487.0,4915.0
한솔홈데코,2543.301,3.741,1.3219999999999998,33.633045,2.282,1.132,2.0683,41.85789000000001,1886.8918,3165.257,33.92431,0.75256,0.44862,1420.0,1370.0
한신공영,19843.057,6.7189999999999985,3.652,724.57825,23.635,4.19,71.1181,6839.728,31749.736,188616.11,3.31885,0.71497,0.12035,22700.0,16800.0
한신기계공업,561.5616,11.05,8.34,46.836937,6.028,5.052,9.6799,144.35283,2457.185,1730.7495,26.84395,1.57701,2.23891,3875.0,2135.0
한양증권,1706.1758,3.577,2.873,49.021816,1.825,0.34700000000000003,,369.87732,20369.863,12873.365,20.87179,0.37899,0.59969,7720.0,6830.0
한온시스템,55856.734,8.386000000000001,5.3420000000000005,2984.032,15.163,7.479,16.5903,540.5829,3706.7632,10463.981,25.71299,3.7499,1.32837,13900.0,10800.0
한올바이오파마,842.30756,4.203,6.902,58.132538,5.394,3.962,22.4188,111.27838,2172.8152,1612.3608,219.2699,11.22967,15.13309,24400.0,36200.0
한익스프레스,5278.7275,1.921,1.267,66.881516,11.153,3.992,6.4432,557.96454,5242.265,43989.395,7.957489999999999,0.84696,0.10093,4440.0,4345.0
한일철강,1557.5704,2.884,6.013,93.65839,6.1629999999999985,3.022,3.2893,472.91592,8929.382,7635.149,5.59296,0.29621,0.34642,2645.0,1920.0
한일현대시멘트,3486.8354,7.141,17.637999999999995,615.00104,34.908,12.106,6.7113,3669.776,12492.021,20806.314,4.15557,1.22078,0.73295,15250.0,42150.0
한일홀딩스,11907.744,9.456,5.5120000000000005,656.3995,3.787,2.389,6.0928,7573.7734,221095.4,157816.44,19.86776,0.68058,0.95348,89785.0,52100.0
한전KPS,12367.79,13.265,10.993,1359.5876,16.044,11.861,17.6972,3021.3057,20112.758,27483.979,13.4379,2.01862,1.47722,40600.0,33200.0
한전기술,4901.928,3.683,4.329,212.22084,4.829,2.74,2.0025,555.2612,12013.391,12825.558,42.86271,1.98112,1.85567,23800.0,20900.0
한전산업,3379.9595,5.545,4.126,139.46756000000002,20.407,9.231,33.6496,428.1474,2187.9407,10367.974,9.55278,1.86934,0.39448,4090.0,3555.0
한진,18126.035,1.1909999999999998,-2.593,-470.0738,-6.099,-1.884,1.5158,-3750.412,60764.832,151369.98,-6.93257,0.42788,0.17176,26000.0,53800.0
한진중공업,16476.52,-0.117,-16.871,-2779.78,-37.16,-5.8610000000000015,-1.1042,-19129.178,39776.387,113372.07,-0.8657,0.41633,0.14607,37013.0,18506.0
한진중공업홀딩스,9067.23,2.6830000000000003,-17.605,-1596.29,-33.573,-7.608,2.6406,-4721.872,12697.903,30705.344,-0.8534799999999999,0.31738,0.13125,4030.0,2930.0
한진칼,11496.572,10.028,19.931,2291.363,17.59,9.473,26.0916,3716.544,25483.562,19254.91,4.92393,0.71811,0.95041,18300.0,29800.0
한창,1120.2872,4.057,3.949,44.241894,3.626,4.753,20.2635,41.24331,1186.1573,3251.1118,41.34004,1.43741,0.52444,1705.0,1815.0
한창제지,2009.2361,8.715,5.884,118.23344,18.338,7.79,12.7153,198.15388,1177.1902,3367.3884,5.09705,0.85798,0.29994,1010.0,2970.0
한화,504044.38,4.283,2.6010000000000004,13109.37,9.059,0.8320000000000001,9.6901,4140.3213,49345.76,514803.6,10.02338,0.841,0.08061,41500.0,31350.0
한화갤러리아타임월드,3307.03,-2.197,-3.229,-106.777725,-4.387,-2.194,-4.0019,-1779.59,40852.043,55115.965,-20.79131,0.90571,0.6713100000000001,37000.0,28800.0
한화생명,260870.53,3.655,2.64,6887.244000000002,7.704,0.561,,673.4823,12445.672,30035.87,10.26011,0.55521,0.23006,6910.0,4220.0
한화손해보험,69318.266,2.85,2.13,1476.4193,14.273,1.048,,1550.8766,10144.944,72814.055,5.24864,0.80237,0.11179,8140.0,5910.0
한화솔루션,93418.13,8.097000000000001,8.933,8345.341999999999,14.595999999999998,6.0760000000000005,9.7708,4970.0596,36625.445,56298.67,6.35807,0.86279,0.56129,31600.0,20200.0
한화에어로스페이스,42154.715,1.967,-1.133,-477.48077,-2.136,-0.838,-7.9499,-913.43475,41433.215,79811.555,-38.91904,0.85801,0.44542,35550.0,32500.0
한화투자증권,17127.506,3.822,3.253,557.2147,6.572,0.802,,313.0734,4975.0127,9663.317,8.62418,0.54271,0.27941,2700.0,2035.0
현대건설,168870.9,5.839,2.2,3715.64,3.152,1.94,9.9929,1809.6782,58029.41,151515.39,20.05881,0.62554,0.23958,36300.0,54600.0
현대그린푸드,25339.682,3.437,4.794,1214.77,7.124,4.88,9.5498,1160.643,19172.809,25935.025,12.88079,0.77975,0.57644,14950.0,14300.0
현대글로비스,163582.89,4.445,4.16,6804.5386,18.228,8.425,11.3842,18146.645,106381.04,436221.06,7.4945,1.27842,0.31177,136000.0,129000.0
현대로템,27256.582,1.6669999999999998,-1.6969999999999998,-462.59406,-3.463,-1.081,1.7829,-557.38684,15811.335,32066.566000000013,-33.639109999999995,1.18586,0.58472,18750.0,27850.0
현대리바트,8898.31,5.695,4.1530000000000005,369.54156,10.695,6.7029999999999985,10.689,2111.2065,20564.88,50836.418,15.15721,1.55605,0.62947,32000.0,20050.0
현대모비스,351445.8,5.7620000000000005,4.432,15577.23,5.4270000000000005,3.733,12.911,16108.75,309334.4,361020.66,16.326529999999998,0.85021,0.72849,263000.0,190000.0
현대미포조선,24534.33,4.4,18.144,4451.5674,20.046,5.074,-3.8727,10939.163,55580.188,61424.66,3.60676,0.70987,0.6423300000000001,39454.0,60000.0
현대백화점,18481.402,21.301,16.354,3022.495,6.634,4.523,7.1552,10841.035,175349.39,78972.12,9.6393,0.59595,1.32325,104500.0,90400.0
현대비앤지스틸,7258.5386,4.2360000000000015,2.7230000000000003,197.64584,5.55,3.43,4.6885,1301.2722,24033.324,47789.188,8.9912,0.48682,0.24483,11700.0,8900.0
현대상선,50280.16,-8.09,-23.682,-11907.4,-129.27200000000002,-29.767,-21.4966,-5475.219,2852.7656,23114.543,-0.91686,1.7597,0.21718,5020.0,3695.0
현대에이치씨엔,2902.3628,16.971,15.004,435.4724,6.7120000000000015,6.107,10.6182,385.79514,6074.596,2571.2708,10.23859,0.65025,1.53621,3950.0,4060.0
현대엘리베이터,19937.006,6.7860000000000005,3.963,790.0119599999997,11.595,3.595,13.1613,3800.552,33952.34,80937.766,14.31371,1.60225,0.6721199999999999,54400.0,107000.0
현대위아,74873.914,0.223,-0.841,-630.0363,-1.969,-0.8859999999999999,-0.8359,-2316.7288,118218.88,275321.53,-28.0568,0.54983,0.23609,65000.0,36250.0
현대자동차,963760.8,4.747,4.717,45464.0,5.9179999999999975,2.547,5.7987,14126.536,257221.95,337594.72,11.04305,0.60648,0.46209,156000.0,118500.0
현대제철,191659.64,7.135,3.796,7275.4014,4.354,2.207,3.899,5366.1523,127336.47,143623.6,10.9203,0.4602,0.40801,58600.0,45250.0
현대종합상사,43059.555,0.789,0.584,251.43054,6.2929999999999975,1.813,16.9963,1888.1747,28578.58,325494.5,10.32743,0.68233,0.05991000000000001,19500.0,28100.0
현대차증권,5213.4595,12.811,9.63,502.03995,6.0429999999999975,0.778,,1711.2794,28815.176,17770.87,6.3695,0.37827,0.61336,10900.0,8630.0
현대해상,158868.1,3.971,2.923,4644.1665,15.606,1.198,,5194.817,38925.332,177704.81,9.04748,1.20744,0.26448,47000.0,41050.0
현대홈쇼핑,10431.302,12.015,11.74,1224.644,8.165,6.482,,10205.367,132141.86,86927.516,11.80751,0.9119,1.38621,120500.0,99000.0
혜인,2375.2986,1.058,0.537,12.749297,1.987,0.551,-1.0224,157.23418,8925.36,18684.385,22.10079,0.38934,0.18598,3475.0,5310.0
호텔신라,35146.965,2.079,0.7190000000000001,252.86263,3.805,1.187,4.5489,632.1261599999998,17633.346,87867.41,134.30862,4.8147400000000005,0.96623,84900.0,76500.0
화성산업,5679.8325,10.379,7.86,446.46265,13.504,8.267999999999999,18.7023,3585.815,28790.172,45618.215,4.22498,0.52622,0.3321,15150.0,14500.0
화승알앤에이,14433.96,2.479,-2.8960000000000004,-418.059,-14.229,-3.198,2.2205,-654.5253,4396.913,22357.016,-4.0029,0.59587,0.11719,2620.0,2060.0
화승인더스트리,11519.435,8.226,4.208,484.75912,15.418,5.772,10.9493,659.0425,4407.116,20823.273,15.55287,2.32578,0.49224,10250.0,6840.0
화신,10669.34,-2.141,-2.9,-309.4115,-8.132,-3.418,-4.3931,-868.3138,10157.286,30553.305,-4.94637,0.42285,0.14057,4295.0,2360.0
화인베스틸,1274.4802,3.654,0.8640000000000001,11.012253,1.094,0.498,1.9063,34.428909999999995,3371.7346,3984.5588,60.12388000000001,0.61393,0.51951,2070.0,2655.0
화천기계,2084.1426,0.14,0.28,5.8277220000000005,0.474,0.366,-0.4306,26.48965,6219.061,9473.375,,0.34893,,2170.0,1820.0
화천기공,2084.4114,5.283,4.181,87.14915,3.176,2.466,7.4093,3961.325,126071.01,94745.98,14.03571,0.44102,0.58683,55600.0,41100.0
환인제약,1479.5343,20.041,18.365,271.7231,11.732,10.486,19.2462,1460.8715,15922.082,7954.4556,15.23064,1.39743,2.79717,22250.0,19150.0
황금에스티,2247.2974,12.244000000000002,10.081,226.54143,9.662,6.16,9.6282,1433.67,15529.913,16052.124,6.2776,0.57953,0.56067,9000.0,7840.0
효성,26928.475,1.334,12.657,3408.392000000001,8.953,2.379,-9.1774,9271.005,109818.75,76681.164,17.79802,1.50253,2.15184,82554.0,50000.0
효성 ITX,3950.2449,3.092,2.411,95.22954,16.48,7.057,29.2676,766.2499,5150.226,31785.041,16.443720000000006,2.4464900000000003,0.39641,12600.0,10400.0
후성,2488.3828,14.259,11.342,282.23114,18.225,9.002,15.9881,319.2315700000001,1911.6611,2693.062,31.7951,5.30952,3.76894,10150.0,7420.0
휠라홀딩스,25303.238,8.594,4.273,1081.0956,7.532,3.345,6.8821,1029.9655,13073.54,41773.402,15.8452,1.24832,0.3907,16320.0,53500.0
휴니드테크놀러지스,1808.5358,9.295,9.719,175.77615,17.422,11.54,12.7322,1248.4233,7953.3086,12844.851,9.13152,1.43337,0.8875200000000001,11400.0,8000.0
휴비스,11982.708,2.216,1.933,231.64067000000003,5.642,2.553,3.7397,649.242,12201.431,34732.49,15.5566,0.8277700000000001,0.29079,10100.0,7510.0
휴스틸,6905.6743,3.29,0.534,36.853638,0.966,0.5920000000000001,2.3248,532.67346,54479.79,99812.93,29.00464,0.28359,0.15479,15450.0,11550.0
휴켐스,7157.6494,21.324,15.376,1100.5658,21.302,13.5,41.4104,2798.3127,15161.223999999998,17509.533,8.77314,1.61926,1.40209,24550.0,24100.0
흥국화재,42647.74,2.513,2.0,852.97,14.438,0.7979999999999999,,1308.954,9657.688,65446.535,4.08723,0.55396,0.08175,5350.0,4705.0
흥아해운,8364.275,-1.554,-7.412000000000001,-619.9193,-37.746,-6.768,-4.8281,-943.5367,2087.5823,12730.688999999995,-1.5739,0.71136,0.11665,1468.0,785.0
