date_time,AJ네트웍스,AJ렌터카,AK홀딩스,BGF,BNK금융지주,BYC,CJ,CJ CGV,CJ대한통운,CJ씨푸드,CJ제일제당,CJ헬로,CS홀딩스,DB,DB금융투자,DB손해보험,DB하이텍,DGB금융지주,DRB동일,DSR
2017-01-02,6500.0,8330.0,53100.0,41780.0,8670.0,398000.0,188000.0,69000.0,179500.0,3665.0,359000.0,9370.0,80500.0,743.0,3285.0,61800.0,16300.0,9650.0,11899.0,9350.0
2017-01-03,6500.0,8320.0,52100.0,42811.0,8590.0,399000.0,185500.0,68000.0,176500.0,3700.0,351500.0,9290.0,78800.0,742.0,3315.0,60900.0,17250.0,9600.0,11704.0,9200.0
2017-01-04,6500.0,8310.0,51100.0,42089.0,8670.0,396000.0,185000.0,71000.0,175500.0,3605.0,350500.0,9280.0,78700.0,790.0,3405.0,62600.0,17700.0,9760.0,12143.0,9080.0
2017-01-05,6500.0,8490.0,51900.0,43171.0,8700.0,397000.0,191000.0,74400.0,175500.0,3625.0,360000.0,9130.0,77900.0,802.0,3455.0,62800.0,17950.0,9740.0,12386.0,9030.0
2017-01-06,6500.0,8400.0,52100.0,43532.0,8700.0,395000.0,192500.0,74600.0,177500.0,3605.0,361000.0,9110.0,77600.0,800.0,3475.0,63000.0,18450.0,9820.0,12338.0,8730.0
2017-01-09,6500.0,8220.0,51100.0,42605.0,8640.0,394000.0,189500.0,71700.0,171500.0,3595.0,357000.0,9100.0,78100.0,822.0,3450.0,62000.0,18450.0,9550.0,12240.0,8680.0
2017-01-10,6500.0,8210.0,51400.0,43171.0,8680.0,389000.0,190000.0,72900.0,168000.0,3615.0,352500.0,8960.0,78100.0,801.0,3420.0,62400.0,18800.0,9560.0,11850.0,8410.0
2017-01-11,6500.0,8120.0,51500.0,45593.0,8730.0,389500.0,192000.0,72300.0,165500.0,3650.0,351500.0,9000.0,78100.0,787.0,3515.0,61200.0,19200.0,9620.0,11704.0,8470.0
2017-01-12,6500.0,8000.0,51200.0,44717.0,8800.0,393500.0,192000.0,70800.0,164000.0,3705.0,357500.0,9050.0,77800.0,791.0,3525.0,61000.0,19200.0,9430.0,11850.0,8160.0
2017-01-13,6500.0,8140.0,52600.0,45438.0,8720.0,393500.0,190000.0,71300.0,164000.0,3580.0,360500.0,9080.0,78100.0,786.0,3550.0,61200.0,19000.0,9500.0,11509.0,10600.0
2017-01-16,6500.0,8030.0,52900.0,45593.0,8700.0,391000.0,188000.0,71300.0,166500.0,3495.0,356500.0,9020.0,78400.0,776.0,3510.0,61500.0,18450.0,9640.0,11314.0,10650.0
2017-01-17,5880.0,8200.0,52700.0,45180.0,8810.0,388000.0,185000.0,71500.0,167000.0,3490.0,351000.0,9090.0,78400.0,778.0,3570.0,61400.0,18900.0,9750.0,11362.0,10750.0
2017-01-18,6100.0,8140.0,53000.0,45335.0,8870.0,388000.0,186000.0,76900.0,166500.0,3485.0,358000.0,9150.0,78600.0,782.0,3600.0,63300.0,19100.0,9940.0,11216.0,10900.0
2017-01-19,6000.0,8150.0,52900.0,46520.0,8840.0,388000.0,190000.0,78200.0,169500.0,3560.0,354000.0,9010.0,79300.0,781.0,3585.0,61200.0,18850.0,9980.0,11265.0,11200.0
2017-01-20,5890.0,8320.0,52800.0,46984.0,8790.0,388000.0,189000.0,78400.0,170500.0,3500.0,355000.0,8970.0,81000.0,780.0,3550.0,61000.0,18400.0,10050.0,11216.0,11500.0
2017-01-23,5740.0,8270.0,52900.0,47653.0,8700.0,387000.0,186000.0,78100.0,172000.0,3430.0,356000.0,8860.0,84300.0,787.0,3540.0,60300.0,17750.0,10000.0,11314.0,12250.0
2017-01-24,5480.0,8300.0,51900.0,47138.0,8680.0,383500.0,183000.0,77100.0,167000.0,3400.0,356000.0,8840.0,85900.0,779.0,3510.0,59500.0,17700.0,9950.0,11021.0,11800.0
2017-01-25,5230.0,8660.0,51700.0,46520.0,8610.0,383500.0,177500.0,75800.0,165500.0,3375.0,348000.0,8950.0,85700.0,773.0,3460.0,59400.0,17600.0,10000.0,10680.0,12200.0
2017-01-26,5250.0,8890.0,51400.0,47138.0,8610.0,380000.0,180500.0,76700.0,162500.0,3410.0,348500.0,8960.0,86500.0,783.0,3600.0,59200.0,17450.0,10100.0,10972.0,12500.0
2017-01-31,5340.0,8880.0,50500.0,47241.0,8530.0,378500.0,182500.0,79400.0,163000.0,3435.0,354500.0,9180.0,84700.0,781.0,3580.0,59100.0,17550.0,9870.0,10923.0,11950.0
2017-02-01,5340.0,8850.0,51800.0,46674.0,8660.0,374500.0,178500.0,79100.0,160000.0,3490.0,355500.0,9270.0,83600.0,775.0,3600.0,60000.0,17900.0,10350.0,10875.0,11850.0
2017-02-02,5230.0,8470.0,52700.0,46314.0,8600.0,376500.0,177000.0,78100.0,155500.0,3440.0,358500.0,9310.0,82400.0,775.0,3565.0,60300.0,17250.0,10200.0,10582.0,10400.0
2017-02-03,5150.0,8520.0,52500.0,46211.0,8630.0,375500.0,179000.0,79200.0,155500.0,3350.0,356000.0,9150.0,81400.0,762.0,3560.0,61600.0,17050.0,10300.0,10728.0,10750.0
2017-02-06,5140.0,8610.0,51800.0,47602.0,8570.0,375000.0,184000.0,78200.0,158500.0,3395.0,371000.0,8680.0,82200.0,745.0,3610.0,62700.0,16900.0,10300.0,10972.0,10300.0
2017-02-07,5160.0,8550.0,51800.0,47138.0,8550.0,377000.0,187000.0,78000.0,158000.0,3455.0,364000.0,8750.0,79500.0,730.0,3620.0,63800.0,16900.0,10250.0,10680.0,10300.0
2017-02-08,5080.0,8250.0,52900.0,47396.0,8570.0,371500.0,182500.0,78600.0,158500.0,3420.0,357000.0,8750.0,79500.0,725.0,3600.0,64100.0,16650.0,10350.0,10728.0,10100.0
2017-02-09,5140.0,8200.0,52300.0,47293.0,8650.0,367500.0,176000.0,76400.0,159500.0,3470.0,352500.0,8770.0,80800.0,737.0,3615.0,64400.0,17550.0,10600.0,10728.0,9780.0
2017-02-10,5220.0,8350.0,54100.0,50847.0,8900.0,365000.0,180500.0,75600.0,156500.0,3560.0,370500.0,8760.0,81600.0,737.0,3640.0,64400.0,17000.0,10850.0,10826.0,9450.0
2017-02-13,5270.0,8260.0,55500.0,51414.0,8900.0,362500.0,180500.0,76800.0,156000.0,3535.0,372000.0,8580.0,82000.0,728.0,3660.0,64900.0,17100.0,10850.0,10875.0,9560.0
2017-02-14,5300.0,8220.0,55700.0,51775.0,8930.0,365500.0,178500.0,75000.0,156500.0,3505.0,363000.0,8500.0,82500.0,731.0,3625.0,63500.0,18100.0,10700.0,11070.0,9540.0
2017-02-15,5280.0,8200.0,55600.0,52032.0,8990.0,373000.0,177500.0,75800.0,169000.0,3535.0,357500.0,8710.0,82600.0,723.0,3580.0,64400.0,18850.0,10600.0,11070.0,9540.0
2017-02-16,5230.0,8230.0,55200.0,52805.0,8930.0,374500.0,175000.0,77100.0,170500.0,3495.0,356000.0,8620.0,83100.0,717.0,3620.0,61900.0,18950.0,10500.0,11119.0,9650.0
2017-02-17,5170.0,8140.0,54700.0,51775.0,8930.0,376000.0,175000.0,78500.0,168000.0,3505.0,357000.0,8730.0,83200.0,718.0,3595.0,63000.0,19050.0,10500.0,10972.0,9690.0
2017-02-20,5180.0,8140.0,54900.0,51775.0,8830.0,367500.0,174500.0,77900.0,167500.0,3530.0,370000.0,8860.0,81900.0,714.0,3555.0,62200.0,18750.0,10400.0,10777.0,9430.0
2017-02-21,5320.0,8550.0,55500.0,51414.0,8860.0,378000.0,177500.0,78400.0,168500.0,3515.0,366000.0,8900.0,82800.0,717.0,3600.0,61600.0,18750.0,10750.0,10826.0,9500.0
2017-02-22,5330.0,8720.0,55900.0,50796.0,8840.0,380000.0,174500.0,76000.0,170000.0,3480.0,357500.0,8830.0,82900.0,719.0,3605.0,61100.0,19050.0,10700.0,10777.0,9170.0
2017-02-23,5370.0,8790.0,57300.0,53578.0,8890.0,382500.0,171500.0,75900.0,169000.0,3430.0,362000.0,8850.0,83200.0,721.0,3625.0,59700.0,18650.0,10700.0,10728.0,9200.0
2017-02-24,5340.0,8860.0,58500.0,54866.0,8720.0,380000.0,173000.0,76500.0,169500.0,3415.0,364500.0,8880.0,83500.0,716.0,3620.0,60200.0,18300.0,10650.0,10582.0,9450.0
2017-02-27,5200.0,8870.0,57700.0,54608.0,8670.0,378000.0,172000.0,76000.0,171000.0,3420.0,363500.0,8920.0,83200.0,720.0,3590.0,60100.0,18700.0,10300.0,10631.0,9260.0
2017-02-28,5380.0,9640.0,56400.0,52547.0,8680.0,377500.0,172500.0,74700.0,172500.0,3390.0,364500.0,8800.0,83200.0,719.0,3530.0,61100.0,18800.0,10400.0,10777.0,9100.0
2017-03-02,5550.0,9650.0,56100.0,52032.0,8720.0,374500.0,167500.0,69400.0,171000.0,3385.0,360000.0,8620.0,82900.0,730.0,3570.0,61000.0,18100.0,10650.0,10631.0,9300.0
2017-03-03,5700.0,10450.0,53300.0,52290.0,8710.0,384500.0,163500.0,69200.0,166000.0,3300.0,355000.0,8460.0,82800.0,728.0,3485.0,62000.0,18350.0,10650.0,10631.0,9010.0
2017-03-06,5740.0,10450.0,52400.0,53578.0,8670.0,381500.0,163000.0,69300.0,163000.0,3280.0,351000.0,8310.0,81100.0,725.0,3515.0,61500.0,18650.0,10800.0,10485.0,10400.0
2017-03-07,5670.0,10150.0,52300.0,52547.0,8690.0,380000.0,164000.0,70700.0,161000.0,3310.0,353000.0,8680.0,82500.0,724.0,3550.0,61700.0,18850.0,10950.0,10923.0,10650.0
2017-03-08,5740.0,10150.0,51700.0,51414.0,8700.0,378000.0,162500.0,71200.0,167000.0,3305.0,350500.0,8580.0,81800.0,720.0,3490.0,62300.0,18850.0,11200.0,10875.0,11100.0
2017-03-09,5770.0,9950.0,52100.0,51775.0,8710.0,380000.0,162500.0,72400.0,166000.0,3305.0,349000.0,8600.0,82200.0,712.0,3495.0,61400.0,18600.0,11200.0,10777.0,14400.0
2017-03-10,5920.0,9780.0,52400.0,51208.0,8910.0,378000.0,163500.0,75300.0,165500.0,3350.0,349000.0,8640.0,84500.0,713.0,3515.0,62000.0,18750.0,11450.0,10777.0,14600.0
2017-03-13,5830.0,9690.0,53700.0,50744.0,9180.0,380000.0,167500.0,75300.0,167500.0,3355.0,353500.0,8770.0,84700.0,731.0,3570.0,62400.0,18600.0,11650.0,10533.0,13550.0
2017-03-14,5610.0,9610.0,53300.0,50744.0,9250.0,379000.0,167500.0,73000.0,164000.0,3345.0,353000.0,8740.0,84700.0,728.0,3570.0,63600.0,18400.0,11600.0,10631.0,13650.0
2017-03-15,5520.0,9630.0,53200.0,50796.0,9320.0,373500.0,166500.0,70100.0,163500.0,3335.0,347500.0,8750.0,84700.0,718.0,3575.0,63100.0,18350.0,11650.0,10533.0,13350.0
2017-03-16,5580.0,9910.0,53500.0,50950.0,9310.0,374500.0,167000.0,71300.0,164000.0,3320.0,345000.0,8650.0,85600.0,724.0,3650.0,63500.0,18550.0,11600.0,10728.0,13450.0
2017-03-17,5420.0,9600.0,55400.0,52290.0,9450.0,370000.0,167000.0,72500.0,164500.0,3310.0,351000.0,8820.0,86000.0,718.0,3680.0,63200.0,18100.0,11750.0,11216.0,12950.0
2017-03-20,5330.0,9640.0,55500.0,53063.0,9360.0,379000.0,161000.0,71200.0,162500.0,3325.0,346500.0,9230.0,85700.0,721.0,3660.0,62800.0,18050.0,11250.0,11070.0,13250.0
2017-03-21,5410.0,10050.0,58500.0,53578.0,9420.0,375500.0,163500.0,75400.0,164000.0,3325.0,347000.0,9210.0,85800.0,720.0,3730.0,61700.0,17800.0,11300.0,11167.0,13950.0
2017-03-22,5340.0,9670.0,58500.0,53063.0,9280.0,372500.0,161500.0,73800.0,160000.0,3300.0,347000.0,9460.0,85800.0,712.0,3670.0,61700.0,18450.0,11050.0,11021.0,14350.0
2017-03-23,5370.0,9960.0,58400.0,54608.0,9390.0,374500.0,164500.0,75300.0,165500.0,3290.0,349000.0,9490.0,86400.0,709.0,3700.0,61800.0,19000.0,11350.0,11070.0,14050.0
2017-03-24,5360.0,9500.0,57600.0,54608.0,9400.0,373500.0,171500.0,75700.0,171000.0,3290.0,352500.0,9760.0,86500.0,710.0,3710.0,63000.0,19100.0,11100.0,11119.0,17350.0
2017-03-27,5440.0,9650.0,58100.0,55123.0,9210.0,375000.0,175000.0,75500.0,168000.0,3300.0,356000.0,9800.0,86600.0,700.0,3600.0,62100.0,19150.0,11050.0,10777.0,18150.0
2017-03-28,5490.0,9750.0,59400.0,53835.0,9310.0,376500.0,175000.0,74800.0,170000.0,3370.0,357500.0,9900.0,86800.0,701.0,3650.0,62400.0,19300.0,11150.0,10923.0,16950.0
2017-03-29,5490.0,10100.0,59000.0,54093.0,9220.0,376500.0,176000.0,75100.0,169000.0,3350.0,353500.0,10000.0,86900.0,703.0,3615.0,62300.0,19450.0,11150.0,11021.0,17550.0
2017-03-30,5440.0,10300.0,60100.0,53320.0,9200.0,376500.0,175500.0,75600.0,168000.0,3350.0,358000.0,10100.0,85300.0,707.0,3620.0,63000.0,19450.0,11000.0,11216.0,16150.0
2017-03-31,5580.0,10250.0,59200.0,54093.0,9180.0,377000.0,174000.0,75100.0,166500.0,3340.0,353000.0,10150.0,85500.0,706.0,3635.0,64000.0,19100.0,10850.0,11216.0,16350.0
2017-04-03,5800.0,10850.0,61200.0,54351.0,9260.0,376000.0,177000.0,79600.0,167000.0,3340.0,353500.0,9990.0,85500.0,708.0,3635.0,64200.0,20350.0,11050.0,11167.0,15350.0
2017-04-04,6050.0,11000.0,60600.0,55123.0,9210.0,377000.0,178500.0,80500.0,164000.0,3350.0,356500.0,9590.0,86000.0,710.0,3630.0,63700.0,20100.0,10900.0,11119.0,12300.0
2017-04-05,6080.0,10900.0,62200.0,55123.0,9300.0,376500.0,176500.0,81000.0,161000.0,3355.0,355000.0,9740.0,86500.0,705.0,3600.0,64600.0,19650.0,11150.0,10972.0,12450.0
2017-04-06,6110.0,10650.0,62300.0,54093.0,9270.0,378000.0,176000.0,81100.0,161000.0,3335.0,348000.0,9710.0,86500.0,700.0,3535.0,65500.0,19700.0,11150.0,10826.0,11800.0
2017-04-07,6090.0,10800.0,62000.0,54351.0,9220.0,379500.0,174500.0,82300.0,162000.0,3330.0,346000.0,9600.0,86800.0,704.0,3520.0,65900.0,20700.0,11350.0,10436.0,12450.0
2017-04-10,5970.0,10650.0,61200.0,53578.0,9110.0,376000.0,173000.0,80200.0,160000.0,3235.0,342000.0,9450.0,86000.0,688.0,3470.0,64900.0,20900.0,11100.0,10582.0,11650.0
2017-04-11,5980.0,10600.0,62200.0,54093.0,9110.0,375500.0,171000.0,79300.0,159500.0,3220.0,339000.0,9450.0,84300.0,699.0,3510.0,64900.0,21200.0,10800.0,10533.0,11650.0
2017-04-12,6150.0,11100.0,62300.0,52805.0,9030.0,372000.0,167500.0,81000.0,160000.0,3250.0,335000.0,9560.0,84300.0,699.0,3475.0,65000.0,21300.0,10650.0,10485.0,12700.0
2017-04-13,6300.0,10750.0,60900.0,54093.0,9130.0,372000.0,171500.0,83000.0,160500.0,3265.0,340500.0,9550.0,84900.0,704.0,3480.0,67500.0,21350.0,10950.0,10582.0,12250.0
2017-04-14,6210.0,10700.0,61500.0,53578.0,9080.0,370000.0,172000.0,81200.0,158000.0,3240.0,342000.0,9490.0,85200.0,699.0,3470.0,66900.0,21000.0,11000.0,10387.0,12750.0
2017-04-17,6260.0,10700.0,61900.0,54608.0,9140.0,372000.0,176000.0,85600.0,161500.0,3245.0,340000.0,9840.0,85200.0,701.0,3510.0,69000.0,21750.0,11000.0,10485.0,13350.0
2017-04-18,6290.0,10900.0,63500.0,54608.0,9170.0,375000.0,184000.0,86300.0,160000.0,3255.0,342000.0,9760.0,85800.0,730.0,3510.0,69000.0,21500.0,11150.0,10826.0,13400.0
2017-04-19,6530.0,11700.0,64700.0,55381.0,9050.0,374500.0,182500.0,86600.0,160000.0,3255.0,342000.0,9660.0,85900.0,718.0,3505.0,69200.0,21600.0,11100.0,10923.0,13600.0
2017-04-20,6530.0,11350.0,65000.0,53320.0,9150.0,371500.0,189000.0,86100.0,160000.0,3295.0,350500.0,9540.0,86000.0,715.0,3550.0,69000.0,21450.0,11150.0,10728.0,12950.0
2017-04-21,6470.0,11300.0,65300.0,53063.0,9200.0,371000.0,188500.0,88200.0,169500.0,3285.0,348500.0,9560.0,85400.0,721.0,3570.0,68800.0,21100.0,11050.0,10777.0,11850.0
2017-04-24,6350.0,11450.0,63800.0,53835.0,9400.0,370000.0,187000.0,86300.0,170000.0,3250.0,346000.0,9690.0,85000.0,716.0,3595.0,68300.0,20950.0,11350.0,10485.0,10600.0
2017-04-25,6360.0,11950.0,64100.0,54608.0,9570.0,372000.0,188000.0,86500.0,170500.0,3365.0,344000.0,9670.0,85000.0,719.0,3620.0,68300.0,21800.0,11350.0,10582.0,10400.0
2017-04-26,6320.0,11850.0,65200.0,54351.0,9560.0,371000.0,189000.0,85300.0,166500.0,3350.0,345500.0,9700.0,84800.0,719.0,3690.0,67800.0,21450.0,11300.0,10631.0,9620.0
2017-04-27,6320.0,11850.0,65100.0,54866.0,9590.0,371500.0,188500.0,85600.0,166500.0,3325.0,344500.0,9750.0,82800.0,718.0,3680.0,67800.0,20650.0,11600.0,10680.0,10750.0
2017-04-28,6340.0,11500.0,64500.0,56411.0,9560.0,372000.0,187000.0,85500.0,166500.0,3310.0,341000.0,9430.0,82700.0,717.0,3670.0,68000.0,21100.0,11650.0,10582.0,9400.0
2017-05-02,6400.0,11850.0,65000.0,54866.0,9570.0,373000.0,187500.0,83500.0,168000.0,3265.0,342000.0,9290.0,83500.0,716.0,3745.0,68400.0,21050.0,11750.0,10631.0,7800.0
2017-05-04,6440.0,11800.0,66700.0,55381.0,9620.0,375500.0,189000.0,86000.0,168000.0,3280.0,343500.0,9490.0,83600.0,719.0,3910.0,69800.0,21800.0,11750.0,10485.0,8510.0
2017-05-08,6520.0,11200.0,67000.0,58472.0,9730.0,375500.0,203500.0,86200.0,172000.0,3325.0,354500.0,9470.0,82900.0,729.0,3970.0,69800.0,21900.0,11900.0,10533.0,10100.0
2017-05-10,6460.0,11300.0,66000.0,61820.0,9620.0,374000.0,197500.0,83200.0,178500.0,3300.0,354000.0,9430.0,82600.0,739.0,3900.0,69300.0,21450.0,11950.0,10485.0,7740.0
2017-05-11,6400.0,11150.0,66300.0,63624.0,9920.0,374000.0,201000.0,83100.0,184000.0,3315.0,358500.0,9470.0,82800.0,740.0,4065.0,70300.0,21450.0,12200.0,10436.0,7200.0
2017-05-12,6420.0,11100.0,65100.0,62593.0,9840.0,371500.0,199000.0,81700.0,178500.0,3320.0,358000.0,9660.0,82500.0,738.0,4075.0,68000.0,21350.0,12300.0,10485.0,7130.0
2017-05-15,6390.0,10950.0,63500.0,64139.0,9790.0,371500.0,200000.0,82500.0,176500.0,3320.0,354000.0,9480.0,81800.0,728.0,4070.0,68600.0,21600.0,12450.0,9948.0,7130.0
2017-05-16,6350.0,10950.0,64000.0,63881.0,9880.0,370000.0,199000.0,80000.0,179500.0,3300.0,354500.0,9310.0,81900.0,724.0,3870.0,69200.0,20800.0,12550.0,9948.0,6760.0
2017-05-17,6300.0,10700.0,64900.0,63881.0,9840.0,368000.0,204500.0,79900.0,178000.0,3335.0,353500.0,9390.0,80900.0,717.0,3820.0,68900.0,20650.0,12050.0,10192.0,6750.0
2017-05-18,6460.0,11050.0,65900.0,64396.0,9820.0,365500.0,201000.0,81700.0,176500.0,3310.0,355000.0,9360.0,80700.0,713.0,3845.0,67200.0,20550.0,11800.0,10094.0,6630.0
2017-05-19,6410.0,10800.0,65300.0,64139.0,9840.0,369000.0,209000.0,82100.0,179000.0,3370.0,362500.0,9340.0,81100.0,714.0,3890.0,67400.0,20200.0,11850.0,10046.0,6750.0
2017-05-22,6420.0,10750.0,66000.0,64912.0,9890.0,370000.0,211000.0,82600.0,180500.0,3370.0,366500.0,9190.0,81500.0,713.0,3900.0,66500.0,21100.0,12000.0,10046.0,6820.0
2017-05-23,6410.0,10700.0,66400.0,64139.0,9870.0,371000.0,212000.0,81700.0,180500.0,3455.0,370500.0,9330.0,82800.0,709.0,3955.0,67400.0,20700.0,11900.0,10094.0,6820.0
2017-05-24,6440.0,10850.0,67900.0,65169.0,9930.0,371500.0,216500.0,81700.0,181000.0,3470.0,374000.0,9300.0,82500.0,716.0,3920.0,68500.0,20300.0,11700.0,10046.0,6820.0
2017-05-25,6390.0,10800.0,68400.0,66715.0,9910.0,372500.0,217500.0,80800.0,186000.0,3495.0,375500.0,9470.0,82100.0,716.0,3960.0,67900.0,19650.0,11450.0,10192.0,6900.0
2017-05-26,6490.0,11100.0,67800.0,66457.0,9920.0,377000.0,219000.0,84500.0,192000.0,3540.0,380000.0,9650.0,81600.0,717.0,4035.0,67600.0,20100.0,11550.0,10241.0,6860.0
2017-05-29,6530.0,11100.0,67800.0,70836.0,9890.0,387500.0,220000.0,84500.0,186500.0,3450.0,381500.0,9620.0,81000.0,706.0,3895.0,67900.0,20000.0,11500.0,10387.0,6810.0
2017-05-30,6700.0,11500.0,66800.0,71609.0,10000.0,388000.0,212000.0,84300.0,188000.0,3450.0,378000.0,9630.0,84400.0,706.0,4020.0,68100.0,20050.0,11400.0,10338.0,6900.0
2017-05-31,6750.0,11550.0,68800.0,71866.0,10000.0,390000.0,211500.0,84500.0,192500.0,3505.0,381500.0,9530.0,86300.0,706.0,3960.0,67700.0,20000.0,11500.0,10241.0,6900.0
2017-06-01,6740.0,11450.0,67100.0,67487.0,9990.0,393500.0,214000.0,83000.0,192000.0,3500.0,381000.0,9400.0,85900.0,743.0,3855.0,69700.0,19650.0,11300.0,10143.0,6850.0
2017-06-02,6890.0,12650.0,71500.0,67487.0,10050.0,400500.0,215000.0,81700.0,199500.0,3540.0,384000.0,9450.0,85600.0,747.0,3865.0,71200.0,20050.0,11450.0,10290.0,6860.0
2017-06-05,6950.0,12700.0,70900.0,68775.0,10050.0,405500.0,210500.0,81800.0,198500.0,3520.0,387000.0,9440.0,84300.0,731.0,3820.0,71000.0,19950.0,11450.0,10192.0,6830.0
2017-06-07,6920.0,12800.0,70000.0,70321.0,10200.0,401500.0,213000.0,81000.0,197500.0,3520.0,383500.0,9440.0,84700.0,803.0,3860.0,72200.0,20600.0,11500.0,10143.0,6740.0
2017-06-08,6950.0,13050.0,68400.0,71094.0,10350.0,400500.0,209500.0,80700.0,195500.0,3470.0,386000.0,9470.0,84700.0,798.0,3885.0,71400.0,20600.0,11500.0,10192.0,6800.0
2017-06-09,7290.0,13450.0,68700.0,65169.0,10600.0,398000.0,211000.0,80600.0,196000.0,3460.0,380000.0,9290.0,84800.0,772.0,4140.0,70700.0,22700.0,11600.0,10192.0,6810.0
2017-06-12,7320.0,13150.0,68800.0,61048.0,10650.0,398500.0,202500.0,78400.0,192500.0,3470.0,373500.0,9140.0,84800.0,745.0,4215.0,70700.0,22050.0,11900.0,9997.0,6780.0
2017-06-13,7400.0,13350.0,69700.0,60017.0,10600.0,397500.0,204000.0,79200.0,197000.0,3485.0,378000.0,9130.0,84500.0,751.0,4410.0,71500.0,21950.0,11850.0,10094.0,7040.0
2017-06-14,7310.0,12800.0,72000.0,58987.0,10850.0,387000.0,206500.0,77400.0,194000.0,3475.0,384500.0,9070.0,84200.0,742.0,4270.0,71600.0,21500.0,11850.0,9997.0,6860.0
2017-06-15,7320.0,13000.0,74300.0,60275.0,10700.0,380500.0,201000.0,75900.0,193500.0,3410.0,380000.0,9070.0,84900.0,742.0,4170.0,70800.0,21100.0,11850.0,10290.0,6700.0
2017-06-16,7490.0,13200.0,74400.0,59760.0,10850.0,379000.0,200500.0,73900.0,193500.0,3345.0,379500.0,9090.0,84300.0,745.0,4175.0,70500.0,21450.0,11950.0,10338.0,6760.0
2017-06-19,7450.0,13200.0,74300.0,59760.0,10800.0,382500.0,197500.0,72600.0,191000.0,3345.0,374000.0,9010.0,84700.0,764.0,4135.0,69600.0,22750.0,12000.0,10094.0,6750.0
2017-06-20,7270.0,12900.0,74100.0,57184.0,10800.0,381000.0,194500.0,72100.0,186500.0,3340.0,371000.0,8840.0,84400.0,753.0,4100.0,68600.0,22350.0,11950.0,10143.0,6460.0
2017-06-21,7310.0,11800.0,74200.0,58987.0,10400.0,379000.0,193500.0,72500.0,189500.0,3330.0,373000.0,8990.0,84400.0,752.0,4015.0,66800.0,21750.0,11450.0,10046.0,6380.0
2017-06-22,7330.0,11700.0,74400.0,56669.0,10750.0,378500.0,197000.0,72600.0,186500.0,3320.0,373500.0,9120.0,84000.0,751.0,4035.0,67600.0,21800.0,11450.0,9948.0,6400.0
2017-06-23,7400.0,12000.0,73500.0,53835.0,10850.0,379500.0,198000.0,73800.0,188000.0,3315.0,370500.0,9020.0,84200.0,758.0,4100.0,67500.0,22000.0,11450.0,9997.0,6590.0
2017-06-26,7360.0,12250.0,72700.0,54093.0,10600.0,377000.0,196000.0,72700.0,188000.0,3310.0,367500.0,9010.0,83600.0,759.0,4105.0,67100.0,21950.0,11350.0,9802.0,6510.0
2017-06-27,7500.0,12550.0,73400.0,54351.0,10600.0,370500.0,195500.0,74300.0,182000.0,3335.0,365500.0,9090.0,83800.0,760.0,4065.0,66500.0,22250.0,11350.0,9802.0,6560.0
2017-06-28,7530.0,12350.0,74000.0,53578.0,10700.0,367500.0,192000.0,74100.0,182000.0,3345.0,363000.0,9050.0,81800.0,754.0,4140.0,66800.0,21950.0,11500.0,9899.0,6640.0
2017-06-29,7430.0,12450.0,73400.0,52032.0,10950.0,367000.0,187500.0,74200.0,179000.0,3370.0,361500.0,9050.0,81800.0,757.0,4325.0,68800.0,22500.0,11700.0,9948.0,6660.0
2017-06-30,7490.0,12600.0,74200.0,52032.0,10950.0,367500.0,189500.0,73600.0,180500.0,3400.0,361500.0,9120.0,82000.0,750.0,4310.0,68000.0,22500.0,11800.0,9899.0,6560.0
2017-07-03,7500.0,12400.0,73500.0,50899.0,10750.0,366000.0,191000.0,73400.0,182500.0,3365.0,361500.0,9110.0,83200.0,746.0,4260.0,70300.0,21850.0,11500.0,9948.0,6520.0
2017-07-04,7450.0,12000.0,70300.0,51775.0,10800.0,369500.0,193000.0,72300.0,181500.0,3345.0,358500.0,9060.0,83100.0,741.0,4270.0,70800.0,21750.0,11450.0,9753.0,6430.0
2017-07-05,7350.0,12300.0,70600.0,51775.0,10800.0,369000.0,191000.0,72500.0,180000.0,3330.0,354500.0,8950.0,82700.0,741.0,4320.0,71200.0,21950.0,11500.0,9753.0,6600.0
2017-07-06,7350.0,12250.0,69600.0,51208.0,10800.0,368500.0,188500.0,72200.0,180000.0,3335.0,360000.0,9000.0,83200.0,758.0,4295.0,71600.0,22200.0,11350.0,9734.0,6700.0
2017-07-07,7430.0,12000.0,69900.0,51259.0,10850.0,368000.0,191000.0,72200.0,181000.0,3290.0,357000.0,8930.0,83500.0,769.0,4290.0,73100.0,21600.0,11400.0,9675.0,6650.0
2017-07-10,7500.0,11250.0,69600.0,51517.0,10800.0,367000.0,188500.0,70400.0,178500.0,3250.0,352500.0,8840.0,84100.0,768.0,4270.0,75600.0,21500.0,11650.0,9617.0,6510.0
2017-07-11,7550.0,11700.0,67900.0,51466.0,11000.0,369500.0,190000.0,67800.0,178500.0,3270.0,350500.0,8730.0,84800.0,767.0,4320.0,77200.0,20800.0,11700.0,9607.0,6640.0
2017-07-12,7500.0,11900.0,69100.0,51105.0,10950.0,369500.0,190500.0,67300.0,179000.0,3275.0,355500.0,8700.0,84600.0,760.0,4260.0,78000.0,21300.0,11650.0,9558.0,6690.0
2017-07-13,7510.0,11750.0,68400.0,51002.0,10700.0,369500.0,188000.0,67400.0,178500.0,3270.0,355000.0,8690.0,84600.0,765.0,4320.0,78600.0,21800.0,11600.0,9500.0,6790.0
2017-07-14,7560.0,11500.0,68200.0,49972.0,10850.0,369000.0,191500.0,67600.0,180000.0,3260.0,356000.0,8630.0,84600.0,758.0,4240.0,78400.0,21350.0,11800.0,9353.0,6600.0
2017-07-17,7600.0,11800.0,69000.0,48426.0,10700.0,369000.0,193500.0,68700.0,180000.0,3270.0,355500.0,8630.0,86900.0,781.0,4245.0,80000.0,21550.0,11800.0,9392.0,6530.0
2017-07-18,7490.0,11600.0,69800.0,48323.0,10800.0,367000.0,196000.0,70100.0,184000.0,3250.0,352500.0,8590.0,87000.0,773.0,4120.0,79700.0,21450.0,11800.0,9402.0,6480.0
2017-07-19,7420.0,11450.0,70500.0,49096.0,10700.0,367500.0,196500.0,69200.0,181000.0,3345.0,355000.0,8730.0,87300.0,770.0,4135.0,80100.0,21700.0,11650.0,9617.0,6590.0
2017-07-20,7370.0,11200.0,70600.0,48735.0,10850.0,366000.0,196500.0,70000.0,178500.0,3340.0,353500.0,8720.0,87000.0,777.0,4190.0,79000.0,21900.0,11900.0,9724.0,6570.0
2017-07-21,7270.0,11200.0,71100.0,48735.0,11050.0,364000.0,193000.0,70900.0,176000.0,3300.0,355000.0,8620.0,87000.0,772.0,4270.0,80500.0,21350.0,12200.0,9802.0,6630.0
2017-07-24,7150.0,10450.0,70500.0,49147.0,11250.0,360500.0,194500.0,71700.0,179500.0,3300.0,362500.0,8580.0,86600.0,758.0,4220.0,81200.0,21100.0,12100.0,9470.0,6720.0
2017-07-25,7090.0,10200.0,71100.0,48787.0,11200.0,360000.0,196500.0,71100.0,180000.0,3280.0,366500.0,8530.0,87900.0,755.0,4205.0,80200.0,20700.0,11950.0,9402.0,6510.0
2017-07-26,7000.0,10450.0,69800.0,48684.0,11100.0,359500.0,199000.0,71500.0,181000.0,3240.0,366000.0,8580.0,89300.0,751.0,4200.0,80300.0,19400.0,11800.0,9431.0,6650.0
2017-07-27,6910.0,10400.0,71200.0,48838.0,11050.0,361500.0,198000.0,70600.0,183500.0,3285.0,368500.0,8610.0,89800.0,758.0,4175.0,81000.0,19600.0,11750.0,9490.0,6750.0
2017-07-28,6950.0,10100.0,71400.0,48220.0,10850.0,360000.0,197000.0,70800.0,184000.0,3265.0,367500.0,8850.0,90000.0,748.0,3955.0,80900.0,19150.0,11600.0,9382.0,6640.0
2017-07-31,6950.0,10100.0,71700.0,47602.0,11300.0,356500.0,194000.0,69300.0,186500.0,3245.0,370000.0,8710.0,90100.0,743.0,4000.0,80100.0,19150.0,11950.0,9295.0,6390.0
2017-08-01,7080.0,10800.0,73200.0,47344.0,11550.0,355500.0,193500.0,67900.0,183500.0,3235.0,371500.0,8720.0,89700.0,745.0,4035.0,83400.0,19050.0,11850.0,9441.0,6370.0
2017-08-02,7160.0,10750.0,73800.0,47602.0,11300.0,355000.0,191000.0,68400.0,181000.0,3260.0,367000.0,8650.0,90100.0,746.0,4035.0,83800.0,19100.0,11850.0,9402.0,6400.0
2017-08-03,7200.0,10850.0,73200.0,44253.0,11050.0,348500.0,186000.0,67100.0,182000.0,3230.0,356000.0,8640.0,90400.0,732.0,3870.0,83700.0,18100.0,11650.0,9217.0,6100.0
2017-08-04,7200.0,11250.0,74200.0,46417.0,11200.0,357000.0,186500.0,68600.0,185000.0,3200.0,354000.0,8720.0,88400.0,729.0,3920.0,81900.0,17950.0,11600.0,9334.0,6010.0
2017-08-07,7100.0,11400.0,73600.0,45902.0,11050.0,352000.0,188000.0,68200.0,180000.0,3205.0,357500.0,8650.0,88400.0,739.0,3890.0,83000.0,17550.0,11750.0,9324.0,6150.0
2017-08-08,7020.0,11600.0,73300.0,45593.0,10950.0,352500.0,188000.0,68000.0,172000.0,3215.0,360500.0,8530.0,88300.0,735.0,3880.0,81900.0,17700.0,11800.0,9285.0,6140.0
2017-08-09,7030.0,11350.0,73300.0,44562.0,10800.0,349000.0,185500.0,68500.0,171000.0,3210.0,359000.0,8540.0,86000.0,727.0,3800.0,81500.0,17300.0,11900.0,9139.0,6000.0
2017-08-10,7020.0,11300.0,73300.0,46211.0,10850.0,349500.0,183000.0,68500.0,174000.0,3160.0,356500.0,8620.0,87400.0,723.0,3750.0,81400.0,17200.0,11700.0,8924.0,5930.0
2017-08-11,7120.0,11350.0,73100.0,44356.0,10700.0,345500.0,176500.0,61900.0,168500.0,3070.0,360000.0,8470.0,85000.0,706.0,3645.0,80100.0,16600.0,11500.0,8749.0,5680.0
2017-08-14,7110.0,11050.0,72900.0,44717.0,10900.0,348000.0,176500.0,59900.0,169000.0,3050.0,360000.0,8300.0,85200.0,717.0,3680.0,79000.0,16900.0,11650.0,8661.0,5670.0
2017-08-16,7000.0,11150.0,72700.0,45850.0,10950.0,346000.0,173500.0,60000.0,169500.0,3125.0,360000.0,8130.0,85000.0,723.0,3755.0,80000.0,16300.0,11500.0,8602.0,5810.0
2017-08-17,7000.0,11150.0,72400.0,45747.0,10750.0,346000.0,175000.0,59900.0,171500.0,3160.0,358500.0,8350.0,84900.0,729.0,3825.0,81000.0,17350.0,11500.0,8602.0,5920.0
2017-08-18,7020.0,10850.0,72100.0,46520.0,10650.0,347500.0,173000.0,60500.0,170000.0,3180.0,355000.0,8350.0,84700.0,734.0,3850.0,78800.0,16800.0,11450.0,8553.0,5850.0
2017-08-21,7020.0,10550.0,71200.0,45696.0,10350.0,345000.0,173000.0,62000.0,168500.0,3180.0,353000.0,8250.0,84600.0,730.0,3780.0,77000.0,16450.0,11350.0,8544.0,5920.0
2017-08-22,7000.0,10650.0,71200.0,45747.0,10350.0,340000.0,170500.0,62900.0,168500.0,3180.0,350500.0,8250.0,84500.0,734.0,3890.0,78000.0,16350.0,11300.0,8349.0,5960.0
2017-08-23,7030.0,10450.0,70700.0,46211.0,10250.0,340500.0,170000.0,62600.0,167500.0,3155.0,349500.0,8280.0,85100.0,741.0,3855.0,77800.0,16350.0,11200.0,8144.0,5910.0
2017-08-24,7000.0,10550.0,70800.0,46005.0,9990.0,340500.0,173000.0,65000.0,167000.0,3195.0,352500.0,8230.0,85200.0,739.0,3865.0,79300.0,16000.0,10900.0,8095.0,5920.0
2017-08-25,7040.0,10500.0,70200.0,46571.0,10100.0,340500.0,174500.0,64700.0,165500.0,3165.0,353000.0,8180.0,85200.0,740.0,3855.0,80800.0,16200.0,11250.0,8290.0,5970.0
2017-08-28,6990.0,10850.0,70100.0,46829.0,10150.0,340000.0,178000.0,65600.0,167000.0,3190.0,359000.0,8340.0,84500.0,740.0,3835.0,78100.0,16100.0,11450.0,8349.0,6040.0
2017-08-29,6940.0,10750.0,70100.0,46314.0,10100.0,340000.0,177000.0,64900.0,166500.0,3185.0,358000.0,8390.0,84100.0,733.0,3830.0,77600.0,15750.0,11450.0,8280.0,6020.0
2017-08-30,7000.0,11300.0,68900.0,46108.0,10050.0,336000.0,177500.0,64200.0,170000.0,3160.0,359500.0,8550.0,83400.0,736.0,3850.0,76700.0,16200.0,11200.0,8193.0,6130.0
2017-08-31,7150.0,11100.0,70200.0,46984.0,9860.0,337000.0,177000.0,65400.0,169000.0,3150.0,362500.0,8400.0,83600.0,733.0,3845.0,75200.0,15950.0,11000.0,8310.0,6150.0
2017-09-01,7210.0,11450.0,69200.0,45129.0,10150.0,338000.0,176000.0,66800.0,166000.0,3170.0,354500.0,8430.0,82000.0,732.0,3830.0,74000.0,16150.0,11100.0,8553.0,6030.0
2017-09-04,7250.0,11400.0,67900.0,44665.0,9960.0,340500.0,173500.0,63300.0,165000.0,3145.0,349000.0,8300.0,82100.0,724.0,3750.0,72300.0,15650.0,10900.0,8544.0,5960.0
2017-09-05,7240.0,11450.0,67800.0,44820.0,9660.0,341000.0,171500.0,62500.0,166500.0,3120.0,348500.0,8200.0,81700.0,726.0,3700.0,71200.0,15400.0,10150.0,8475.0,5830.0
2017-09-06,7360.0,11450.0,67600.0,44562.0,9510.0,335000.0,171000.0,61500.0,166000.0,3115.0,346000.0,8200.0,81700.0,722.0,3660.0,70000.0,15800.0,9970.0,8573.0,5800.0
2017-09-07,7440.0,11350.0,69500.0,44253.0,9680.0,336000.0,171500.0,61900.0,166500.0,3080.0,350000.0,8350.0,81700.0,732.0,3745.0,70700.0,14300.0,10300.0,8466.0,5810.0
2017-09-08,7490.0,11200.0,68900.0,43274.0,9590.0,330500.0,171500.0,62000.0,166000.0,3085.0,349500.0,8150.0,81600.0,724.0,3740.0,72500.0,14250.0,10200.0,8212.0,5690.0
2017-09-11,7400.0,11000.0,68500.0,44974.0,9650.0,327000.0,177500.0,61700.0,167500.0,3075.0,352500.0,8140.0,81500.0,732.0,3745.0,71600.0,15000.0,10150.0,8232.0,5650.0
2017-09-12,7330.0,11150.0,69100.0,44305.0,9840.0,327000.0,175000.0,61700.0,166000.0,3110.0,352500.0,8150.0,81500.0,736.0,3745.0,72000.0,15000.0,10250.0,8193.0,5720.0
2017-09-13,7240.0,11100.0,70000.0,43429.0,9780.0,324500.0,172000.0,60200.0,164500.0,3065.0,346500.0,8110.0,81000.0,749.0,3670.0,69900.0,15500.0,10250.0,8183.0,5580.0
2017-09-14,7250.0,11250.0,70200.0,43068.0,9960.0,325000.0,172500.0,61700.0,163500.0,3065.0,345500.0,8220.0,80200.0,790.0,3670.0,71000.0,15650.0,10200.0,8154.0,5480.0
2017-09-15,7270.0,12300.0,69100.0,42399.0,9970.0,326500.0,178000.0,63100.0,162500.0,3060.0,350500.0,8140.0,80100.0,817.0,3615.0,71400.0,15350.0,10450.0,8154.0,5410.0
2017-09-18,7410.0,12500.0,69400.0,42656.0,10200.0,326500.0,176500.0,68200.0,161500.0,3075.0,350500.0,8150.0,79200.0,839.0,3775.0,72400.0,14950.0,10650.0,7920.0,5430.0
2017-09-19,7780.0,13350.0,68900.0,43017.0,10150.0,327000.0,176000.0,67500.0,162000.0,3095.0,350500.0,8040.0,79500.0,827.0,3770.0,71200.0,14950.0,10550.0,7939.0,5580.0
2017-09-20,7730.0,13300.0,67600.0,41162.0,10100.0,326000.0,174000.0,67700.0,159500.0,3090.0,350500.0,7980.0,79600.0,856.0,3700.0,70900.0,14750.0,10700.0,7968.0,5440.0
2017-09-21,7650.0,12850.0,64500.0,41162.0,10300.0,320500.0,173500.0,64800.0,157000.0,3030.0,350000.0,7860.0,80400.0,818.0,3640.0,70600.0,14950.0,10750.0,7910.0,5320.0
2017-09-22,7500.0,12700.0,65000.0,40544.0,10250.0,319000.0,167500.0,62800.0,157000.0,2940.0,355000.0,7690.0,78600.0,833.0,3550.0,73800.0,14450.0,10700.0,7793.0,5220.0
2017-09-25,7400.0,12550.0,63600.0,39359.0,10050.0,312500.0,161000.0,62400.0,152000.0,2880.0,347500.0,7120.0,77700.0,835.0,3360.0,73200.0,14000.0,10550.0,7412.0,4950.0
2017-09-26,7470.0,12850.0,64200.0,41008.0,10050.0,316000.0,164500.0,62400.0,154000.0,2890.0,350000.0,7120.0,77700.0,829.0,3345.0,73600.0,14450.0,10300.0,7451.0,5030.0
2017-09-27,7400.0,12650.0,65700.0,41162.0,9840.0,320000.0,167000.0,64100.0,160000.0,2910.0,353000.0,7020.0,79400.0,843.0,3350.0,71700.0,14900.0,10150.0,7403.0,5160.0
2017-09-28,7470.0,12650.0,65300.0,40905.0,10100.0,323000.0,169000.0,63200.0,160000.0,2935.0,350500.0,7130.0,79300.0,845.0,3390.0,73500.0,14750.0,10350.0,7490.0,5080.0
2017-09-29,7520.0,13050.0,64900.0,42759.0,10000.0,316500.0,170500.0,64400.0,163500.0,2915.0,354500.0,7180.0,80000.0,870.0,3440.0,73000.0,15300.0,10500.0,7656.0,5160.0
2017-10-10,7400.0,13450.0,64800.0,43738.0,10100.0,326500.0,167000.0,65100.0,166500.0,2870.0,358500.0,7140.0,79800.0,890.0,3460.0,74700.0,15050.0,10650.0,7510.0,5190.0
2017-10-11,7430.0,13450.0,64800.0,43583.0,10150.0,326000.0,166500.0,65000.0,166500.0,2865.0,354000.0,7260.0,80000.0,901.0,3460.0,74100.0,14550.0,10600.0,7520.0,5310.0
2017-10-12,7360.0,13950.0,64300.0,42244.0,10300.0,325000.0,169000.0,64100.0,165500.0,2875.0,365000.0,7250.0,80900.0,899.0,3570.0,76900.0,14800.0,10550.0,7685.0,5290.0
2017-10-13,7380.0,13550.0,62200.0,44305.0,10300.0,319500.0,173000.0,63500.0,164000.0,2885.0,367000.0,7160.0,81000.0,870.0,3565.0,76100.0,14350.0,10600.0,7598.0,5210.0
2017-10-16,7450.0,13200.0,62600.0,45026.0,10250.0,318500.0,176000.0,68400.0,164000.0,2860.0,370500.0,7420.0,80200.0,873.0,3550.0,76300.0,13900.0,10650.0,7627.0,5200.0
2017-10-17,7360.0,12850.0,62500.0,46108.0,10100.0,324000.0,180000.0,68000.0,162000.0,2830.0,372000.0,7320.0,80200.0,874.0,3550.0,76800.0,14900.0,10450.0,7607.0,5240.0
2017-10-18,7350.0,12650.0,64200.0,44408.0,9870.0,318000.0,180000.0,69600.0,161500.0,2805.0,374000.0,7270.0,80500.0,852.0,3490.0,74200.0,14650.0,10200.0,7607.0,5450.0
2017-10-19,7300.0,12600.0,65000.0,43583.0,9990.0,320000.0,179500.0,69700.0,162500.0,2810.0,377000.0,7220.0,81000.0,825.0,3465.0,74500.0,14450.0,10350.0,7637.0,5300.0
2017-10-20,7160.0,12750.0,63800.0,43377.0,9980.0,320000.0,178500.0,68600.0,163000.0,2825.0,376500.0,7120.0,81200.0,801.0,3470.0,75300.0,15100.0,10300.0,7617.0,5270.0
2017-10-23,7260.0,12750.0,63100.0,42502.0,9880.0,320000.0,176500.0,69000.0,161500.0,2910.0,370000.0,7050.0,79800.0,816.0,3440.0,74500.0,15300.0,10200.0,7627.0,5320.0
2017-10-24,7280.0,12450.0,66100.0,43738.0,9900.0,319500.0,179000.0,68500.0,161000.0,2900.0,371500.0,7020.0,81200.0,802.0,3405.0,74000.0,14950.0,10300.0,7627.0,5310.0
2017-10-25,7160.0,12100.0,67300.0,43893.0,9940.0,320000.0,178500.0,68600.0,157500.0,2880.0,369000.0,7010.0,81200.0,811.0,3470.0,75400.0,14900.0,10350.0,7685.0,5410.0
2017-10-26,7080.0,12200.0,69400.0,42399.0,9980.0,320000.0,189000.0,70000.0,160500.0,2900.0,372000.0,6980.0,81200.0,790.0,3420.0,74700.0,14900.0,10250.0,7880.0,5350.0
2017-10-27,7100.0,12200.0,67500.0,40750.0,9950.0,320000.0,187000.0,68500.0,161000.0,2925.0,366500.0,7080.0,81500.0,799.0,3500.0,75300.0,14550.0,10200.0,7998.0,5360.0
2017-10-30,7030.0,12100.0,67100.0,40750.0,9950.0,321500.0,182000.0,68500.0,158000.0,2925.0,361000.0,7220.0,81600.0,786.0,3450.0,72600.0,14450.0,10400.0,8144.0,5490.0
2017-10-31,7330.0,12950.0,67300.0,40750.0,9940.0,320000.0,186500.0,69600.0,157000.0,2905.0,366000.0,7310.0,81000.0,785.0,3495.0,70500.0,14300.0,10450.0,8271.0,5520.0
2017-11-01,7420.0,14650.0,66000.0,40750.0,9900.0,320000.0,187500.0,68300.0,155500.0,2885.0,358500.0,7120.0,81400.0,782.0,3570.0,70400.0,14300.0,10300.0,8427.0,5540.0
2017-11-02,7460.0,14600.0,65400.0,40750.0,9390.0,320000.0,187500.0,67000.0,154500.0,2950.0,356500.0,6980.0,81700.0,784.0,3530.0,69800.0,14250.0,10100.0,8417.0,5420.0
2017-11-03,7420.0,14600.0,64500.0,40750.0,9390.0,319000.0,195000.0,67500.0,157500.0,2930.0,373500.0,6980.0,81200.0,765.0,3565.0,70400.0,14350.0,10200.0,8388.0,5700.0
2017-11-06,7320.0,14750.0,64100.0,40750.0,9320.0,321000.0,194500.0,68300.0,157000.0,2905.0,373500.0,6810.0,81900.0,768.0,3500.0,69900.0,14250.0,10100.0,8251.0,5810.0
2017-11-07,7380.0,14900.0,64100.0,40750.0,9390.0,319500.0,191500.0,68000.0,158500.0,2955.0,370500.0,6710.0,87500.0,788.0,3530.0,68800.0,13950.0,10000.0,8241.0,5880.0
2017-11-08,7420.0,15100.0,64300.0,40750.0,9300.0,320000.0,193500.0,68500.0,156500.0,2970.0,372500.0,6730.0,84000.0,800.0,3510.0,69100.0,14450.0,9810.0,8212.0,5780.0
2017-11-09,7380.0,15150.0,64600.0,40750.0,9280.0,323000.0,196500.0,67400.0,154000.0,3050.0,400000.0,6790.0,84500.0,805.0,3480.0,68700.0,14700.0,9360.0,8105.0,5710.0
2017-11-10,7500.0,15450.0,66300.0,40750.0,9310.0,322500.0,197500.0,73600.0,151500.0,3055.0,399500.0,6800.0,83400.0,800.0,3490.0,68200.0,14550.0,9420.0,8105.0,5660.0
2017-11-13,7450.0,15600.0,66900.0,40750.0,9100.0,324000.0,201500.0,75500.0,153000.0,3060.0,391500.0,6730.0,81500.0,800.0,3585.0,68000.0,14300.0,9220.0,8017.0,5820.0
2017-11-14,7420.0,15350.0,65300.0,40750.0,9190.0,327500.0,199000.0,75000.0,154500.0,3005.0,389000.0,6690.0,81600.0,789.0,3565.0,66800.0,14250.0,9320.0,8163.0,5750.0
2017-11-15,7490.0,15650.0,64700.0,40750.0,9260.0,325500.0,193500.0,74900.0,152000.0,2995.0,390000.0,6620.0,81800.0,759.0,3960.0,67400.0,14100.0,9430.0,8388.0,5700.0
2017-11-16,8040.0,17450.0,66400.0,40750.0,9410.0,324000.0,196500.0,75300.0,152000.0,3025.0,396000.0,6660.0,82100.0,761.0,3875.0,67700.0,13950.0,9600.0,8280.0,5610.0
2017-11-17,8150.0,17200.0,66700.0,40750.0,9320.0,322000.0,197000.0,74300.0,154000.0,3010.0,398500.0,6800.0,81200.0,750.0,3875.0,68100.0,13950.0,9750.0,8241.0,5490.0
2017-11-20,8130.0,16900.0,65500.0,40750.0,9370.0,321500.0,206000.0,75300.0,155000.0,3070.0,415000.0,6900.0,82500.0,758.0,3960.0,66600.0,13900.0,9860.0,8056.0,5620.0
2017-11-21,8280.0,16750.0,66900.0,40750.0,9310.0,320000.0,206500.0,76800.0,153500.0,3010.0,416000.0,6820.0,82100.0,744.0,3945.0,66700.0,13050.0,9730.0,7978.0,5550.0
2017-11-22,7930.0,16750.0,66500.0,40750.0,9300.0,320000.0,198000.0,75300.0,151500.0,2980.0,408000.0,6800.0,82100.0,735.0,4100.0,66300.0,12900.0,9810.0,7968.0,5360.0
2017-11-23,8150.0,16650.0,68000.0,40750.0,9340.0,321000.0,201000.0,75500.0,151000.0,2985.0,407000.0,6890.0,81600.0,746.0,4145.0,66300.0,13350.0,9830.0,7939.0,5490.0
2017-11-24,8500.0,18050.0,68600.0,40750.0,9320.0,321000.0,197500.0,74200.0,150500.0,3000.0,409500.0,6790.0,81500.0,749.0,4240.0,66300.0,14200.0,9730.0,7880.0,5660.0
2017-11-27,8520.0,17500.0,68000.0,40750.0,9330.0,322000.0,198000.0,75200.0,150000.0,3005.0,409500.0,6790.0,80300.0,750.0,4230.0,67000.0,14500.0,10000.0,7744.0,5600.0
2017-11-28,8270.0,16600.0,69400.0,40750.0,9460.0,322000.0,193000.0,73100.0,152500.0,2995.0,412500.0,6710.0,80200.0,741.0,4200.0,66300.0,14100.0,9910.0,7763.0,5510.0
2017-11-29,8310.0,16750.0,69000.0,40750.0,9400.0,330000.0,192500.0,72600.0,151000.0,2980.0,404000.0,6800.0,80400.0,741.0,4205.0,67500.0,13850.0,9940.0,7685.0,5510.0
2017-11-30,8340.0,16700.0,68200.0,40750.0,9510.0,327500.0,195500.0,71400.0,152000.0,2980.0,401000.0,6740.0,78300.0,729.0,4195.0,68500.0,13400.0,9980.0,7666.0,5400.0
2017-12-01,8460.0,17550.0,67300.0,40750.0,9350.0,325000.0,195500.0,73300.0,152500.0,2970.0,393000.0,6740.0,79000.0,730.0,4160.0,67500.0,13250.0,9930.0,7685.0,5500.0
2017-12-04,8470.0,18300.0,69200.0,40750.0,9390.0,320500.0,194000.0,73500.0,154000.0,2975.0,395000.0,6770.0,80100.0,732.0,4225.0,68400.0,12950.0,10100.0,7754.0,5710.0
2017-12-05,8300.0,18800.0,69300.0,40750.0,9450.0,320500.0,193500.0,73700.0,155000.0,3010.0,398000.0,6860.0,78000.0,738.0,4340.0,67700.0,13400.0,10150.0,7793.0,6880.0
2017-12-06,8400.0,18850.0,68400.0,40750.0,9460.0,320000.0,191000.0,73200.0,154000.0,3015.0,390500.0,6840.0,80300.0,722.0,4370.0,69300.0,12900.0,10050.0,7832.0,6320.0
2017-12-07,8330.0,19050.0,68600.0,40750.0,9360.0,319500.0,189000.0,72400.0,154500.0,2965.0,389000.0,6730.0,78200.0,723.0,4245.0,68800.0,12550.0,9950.0,7851.0,5930.0
2017-12-08,8460.0,19950.0,67000.0,28550.0,9280.0,320000.0,190000.0,71400.0,151000.0,2930.0,390000.0,6840.0,79300.0,720.0,4160.0,68700.0,12350.0,10300.0,7851.0,5790.0
2017-12-11,8430.0,20050.0,66300.0,20000.0,9340.0,319500.0,192000.0,72400.0,151000.0,2925.0,391500.0,6920.0,79500.0,720.0,4130.0,69400.0,12400.0,10200.0,7812.0,5800.0
2017-12-12,7720.0,14050.0,67800.0,16400.0,9280.0,320000.0,189000.0,73000.0,151000.0,2905.0,390500.0,6830.0,79700.0,713.0,4120.0,68200.0,12200.0,10350.0,7802.0,5940.0
2017-12-13,7430.0,10950.0,68700.0,15350.0,9370.0,317000.0,190500.0,74000.0,151500.0,2935.0,401000.0,7030.0,79700.0,713.0,4155.0,70300.0,12300.0,10450.0,7793.0,5770.0
2017-12-14,7250.0,10950.0,67100.0,15200.0,9230.0,314500.0,188500.0,72600.0,150000.0,2900.0,378500.0,6900.0,80100.0,714.0,4180.0,70500.0,12400.0,10350.0,7705.0,5850.0
2017-12-15,7370.0,11050.0,68900.0,15250.0,9380.0,316500.0,189000.0,73200.0,152000.0,2865.0,401000.0,7170.0,80800.0,698.0,4130.0,71100.0,12350.0,10350.0,7715.0,5790.0
2017-12-18,7240.0,10600.0,67600.0,15050.0,9430.0,317500.0,187500.0,75600.0,152000.0,2865.0,398500.0,7250.0,80700.0,698.0,4290.0,69900.0,12250.0,10500.0,7744.0,5580.0
2017-12-19,7020.0,10450.0,66600.0,14500.0,9370.0,317000.0,183000.0,74300.0,150000.0,2790.0,370500.0,7020.0,80100.0,658.0,4160.0,69800.0,12100.0,10700.0,7724.0,5260.0
2017-12-20,7040.0,10050.0,66200.0,14150.0,9500.0,314000.0,182000.0,74600.0,143000.0,2795.0,366000.0,7030.0,79500.0,685.0,4000.0,70700.0,11950.0,10600.0,7539.0,5190.0
2017-12-21,7040.0,9660.0,66000.0,14150.0,9490.0,314500.0,181500.0,73300.0,141000.0,2780.0,365000.0,6930.0,79500.0,658.0,4015.0,70800.0,11300.0,10750.0,7529.0,5090.0
2017-12-22,7160.0,9800.0,66100.0,14900.0,9690.0,313000.0,181500.0,73300.0,139500.0,2775.0,367000.0,6980.0,80700.0,671.0,4000.0,71500.0,11550.0,11050.0,7910.0,5100.0
2017-12-26,6940.0,9640.0,65400.0,14550.0,9560.0,310500.0,179500.0,72600.0,140000.0,2835.0,368000.0,7050.0,80800.0,650.0,3970.0,73000.0,11600.0,10700.0,7900.0,5030.0
2017-12-27,7000.0,9880.0,67900.0,14350.0,9340.0,306500.0,177500.0,74100.0,140000.0,2840.0,368000.0,6980.0,80100.0,650.0,3955.0,70600.0,11850.0,10650.0,7870.0,5090.0
2017-12-28,6970.0,9910.0,68500.0,15250.0,9420.0,306000.0,181500.0,74200.0,140000.0,2875.0,366000.0,7100.0,80200.0,658.0,4005.0,71200.0,12000.0,10550.0,7860.0,5170.0
2018-01-02,6970.0,10200.0,73600.0,15500.0,9430.0,304000.0,176500.0,75600.0,144000.0,2890.0,371500.0,7110.0,80100.0,697.0,4030.0,70300.0,11850.0,10500.0,7850.0,5240.0
2018-01-03,6920.0,10100.0,71700.0,15450.0,9310.0,301000.0,178000.0,70900.0,145000.0,2865.0,371000.0,7060.0,81400.0,715.0,4075.0,69000.0,11900.0,10650.0,7740.0,5350.0
2018-01-04,7070.0,10100.0,72400.0,15050.0,9280.0,300500.0,176000.0,71600.0,145000.0,2840.0,376500.0,6940.0,81000.0,731.0,4100.0,67200.0,12300.0,10600.0,7550.0,5360.0
2018-01-05,7250.0,10200.0,72400.0,14600.0,9280.0,300000.0,174500.0,72100.0,141500.0,2845.0,370000.0,6950.0,80100.0,718.0,4195.0,67400.0,11950.0,10900.0,7650.0,5490.0
2018-01-08,7130.0,10050.0,72500.0,14600.0,9480.0,300000.0,173500.0,71500.0,139000.0,2795.0,372000.0,6870.0,79600.0,705.0,4265.0,67600.0,12200.0,10900.0,7450.0,5630.0
2018-01-09,7160.0,10100.0,74800.0,14800.0,9560.0,299000.0,180000.0,70900.0,139500.0,2800.0,381500.0,7040.0,79400.0,708.0,4280.0,68000.0,12600.0,10800.0,7460.0,5610.0
2018-01-10,7240.0,10000.0,74900.0,14600.0,9640.0,298500.0,180000.0,70600.0,139000.0,2810.0,385000.0,7100.0,79900.0,698.0,4310.0,70000.0,12750.0,11050.0,7660.0,5650.0
2018-01-11,7230.0,10000.0,75300.0,14250.0,9620.0,296500.0,182000.0,70500.0,139500.0,2840.0,392000.0,7130.0,80200.0,698.0,4350.0,68900.0,12400.0,11100.0,7560.0,5500.0
2018-01-12,7240.0,9960.0,77700.0,14500.0,9820.0,293000.0,180000.0,70200.0,138000.0,2820.0,386500.0,7050.0,79700.0,697.0,4565.0,71600.0,11950.0,11300.0,7490.0,5520.0
2018-01-15,7170.0,10050.0,79200.0,14350.0,10000.0,291000.0,176000.0,72000.0,137000.0,2790.0,378500.0,7080.0,79700.0,677.0,4780.0,73200.0,12000.0,11500.0,7520.0,5420.0
2018-01-16,7170.0,10650.0,77400.0,14350.0,10050.0,290500.0,175500.0,73700.0,138000.0,2810.0,374000.0,7100.0,78700.0,684.0,4750.0,73100.0,11800.0,11500.0,7470.0,5450.0
2018-01-17,7360.0,10650.0,78600.0,14200.0,10100.0,291000.0,179500.0,74700.0,135500.0,2855.0,364500.0,7490.0,78700.0,696.0,4660.0,72600.0,11700.0,11700.0,7440.0,5420.0
2018-01-18,7380.0,10900.0,76800.0,14150.0,10100.0,290500.0,178500.0,73900.0,134000.0,2860.0,361500.0,8190.0,78900.0,687.0,4860.0,71700.0,13250.0,11500.0,7430.0,5500.0
2018-01-19,7280.0,10850.0,79300.0,14250.0,10250.0,294000.0,185000.0,74000.0,135000.0,2865.0,358000.0,8200.0,78600.0,665.0,4845.0,71900.0,12900.0,11650.0,7450.0,5470.0
2018-01-22,7190.0,10650.0,78900.0,14700.0,10200.0,293000.0,187500.0,77400.0,135000.0,2885.0,363500.0,8730.0,78000.0,665.0,4835.0,71300.0,12850.0,11650.0,7510.0,5440.0
2018-01-23,7270.0,11000.0,79700.0,15400.0,10400.0,295500.0,187500.0,77400.0,134000.0,2925.0,364500.0,8990.0,78000.0,648.0,4995.0,72700.0,13600.0,12100.0,7580.0,5490.0
2018-01-24,7240.0,11200.0,81800.0,15600.0,10500.0,297000.0,186000.0,78600.0,134000.0,2925.0,362000.0,8750.0,78000.0,650.0,4975.0,72200.0,13900.0,12250.0,7830.0,5520.0
2018-01-25,7380.0,11350.0,83400.0,15500.0,10400.0,308000.0,183500.0,76500.0,134000.0,2975.0,362000.0,8410.0,78500.0,659.0,5010.0,71400.0,14050.0,12000.0,7900.0,5760.0
2018-01-26,7830.0,11800.0,83600.0,15650.0,10550.0,304500.0,190000.0,79700.0,136000.0,2975.0,366500.0,8790.0,78500.0,700.0,5010.0,70700.0,14100.0,12100.0,8090.0,5830.0
2018-01-29,7790.0,11800.0,85500.0,15750.0,10650.0,304000.0,191500.0,79000.0,140500.0,2960.0,365500.0,8600.0,79500.0,718.0,5130.0,71800.0,14050.0,12150.0,8110.0,5880.0
2018-01-30,7660.0,12600.0,85700.0,15550.0,10600.0,303000.0,187500.0,76300.0,144500.0,2915.0,360500.0,8620.0,79600.0,738.0,5000.0,71100.0,13600.0,12350.0,8010.0,5790.0
2018-01-31,7750.0,12350.0,85500.0,15350.0,10600.0,304500.0,184000.0,76300.0,145000.0,2925.0,358500.0,9410.0,87500.0,744.0,5000.0,72400.0,14800.0,12400.0,8000.0,5690.0
2018-02-01,7810.0,12300.0,83900.0,15300.0,10600.0,304500.0,183500.0,77800.0,143500.0,2950.0,360500.0,9060.0,80100.0,733.0,5000.0,74700.0,15650.0,12100.0,8000.0,5830.0
2018-02-02,7810.0,11800.0,83700.0,15300.0,10500.0,302500.0,179500.0,76100.0,144500.0,2925.0,353000.0,9020.0,80500.0,749.0,4875.0,74000.0,15550.0,12550.0,7960.0,5740.0
2018-02-05,7800.0,11300.0,81900.0,14950.0,10650.0,301000.0,174000.0,72700.0,142000.0,2850.0,349000.0,8650.0,78700.0,713.0,4740.0,73100.0,15600.0,13150.0,7900.0,5450.0
2018-02-06,7720.0,11050.0,81700.0,14800.0,10200.0,301000.0,171500.0,70900.0,140500.0,2830.0,343500.0,8350.0,78600.0,696.0,4570.0,70600.0,15100.0,12600.0,7850.0,5360.0
2018-02-07,7590.0,10800.0,79000.0,14650.0,10250.0,297000.0,170000.0,68300.0,137500.0,2820.0,345000.0,8060.0,77300.0,696.0,4540.0,70500.0,15100.0,12550.0,7810.0,5160.0
2018-02-08,7680.0,11050.0,79900.0,14800.0,10050.0,297500.0,166000.0,69800.0,135000.0,2815.0,339000.0,8470.0,78200.0,691.0,4620.0,70000.0,15700.0,12350.0,7900.0,5240.0
2018-02-09,7520.0,10850.0,82300.0,14800.0,10350.0,296000.0,162500.0,75100.0,130500.0,2770.0,322500.0,8380.0,78200.0,682.0,4495.0,68100.0,15350.0,11950.0,7760.0,5160.0
2018-02-12,7740.0,10650.0,83000.0,15000.0,10400.0,293500.0,162000.0,72200.0,130000.0,2785.0,321000.0,8610.0,78600.0,687.0,4495.0,68600.0,15350.0,11950.0,7810.0,5160.0
2018-02-13,7700.0,10400.0,82500.0,14250.0,10250.0,293000.0,161000.0,70400.0,129500.0,2800.0,323500.0,8420.0,77800.0,695.0,4320.0,67600.0,15450.0,11500.0,7710.0,5160.0
2018-02-14,7740.0,10700.0,80900.0,13550.0,10350.0,292500.0,161500.0,70500.0,129000.0,2790.0,319500.0,8900.0,77600.0,699.0,4380.0,67500.0,15600.0,11600.0,7630.0,5140.0
2018-02-19,7750.0,10850.0,83400.0,13650.0,10750.0,293000.0,164000.0,73800.0,131000.0,2825.0,324500.0,8990.0,77500.0,721.0,4450.0,69000.0,15400.0,12150.0,7530.0,5260.0
2018-02-20,7730.0,11100.0,82700.0,13450.0,10750.0,292000.0,162500.0,73900.0,130000.0,2825.0,325000.0,8750.0,77600.0,706.0,4380.0,67300.0,15400.0,12100.0,7540.0,5690.0
2018-02-21,7640.0,11400.0,84700.0,13700.0,10850.0,292000.0,165000.0,73800.0,133000.0,2820.0,334500.0,8990.0,77500.0,721.0,4380.0,69700.0,15950.0,12100.0,7540.0,5840.0
2018-02-22,7670.0,11200.0,85000.0,13250.0,10800.0,292000.0,165000.0,72200.0,132000.0,2815.0,335500.0,9080.0,76700.0,716.0,4300.0,68100.0,16150.0,12200.0,7550.0,5680.0
2018-02-23,7620.0,11200.0,86700.0,13250.0,10900.0,291500.0,168000.0,73400.0,133500.0,2820.0,353000.0,9640.0,76600.0,712.0,4290.0,70400.0,16250.0,12550.0,7570.0,5620.0
2018-02-26,7630.0,10850.0,86900.0,12850.0,11150.0,290500.0,166000.0,71500.0,136500.0,2825.0,351000.0,9400.0,76300.0,700.0,4300.0,70200.0,16050.0,12850.0,7570.0,5740.0
2018-02-27,7710.0,10950.0,82300.0,12700.0,11050.0,291000.0,167000.0,70800.0,135000.0,2810.0,350500.0,9410.0,76300.0,696.0,4270.0,69700.0,15700.0,12650.0,7530.0,5630.0
2018-02-28,7550.0,10900.0,81900.0,12550.0,11200.0,289500.0,166500.0,70700.0,132500.0,2790.0,338000.0,9000.0,76300.0,695.0,4215.0,69500.0,15300.0,12400.0,7600.0,5630.0
2018-03-02,7660.0,10700.0,79600.0,12350.0,11000.0,288500.0,160500.0,68300.0,131500.0,2755.0,328500.0,9060.0,76000.0,691.0,4040.0,69400.0,14850.0,12200.0,7520.0,5540.0
2018-03-05,7530.0,10650.0,78800.0,12450.0,10750.0,286500.0,161000.0,67000.0,128500.0,2720.0,323500.0,8810.0,73300.0,687.0,3845.0,67900.0,14600.0,12300.0,7400.0,5270.0
2018-03-06,7520.0,10800.0,80000.0,12150.0,10650.0,286000.0,161500.0,67200.0,126000.0,2770.0,322500.0,8750.0,74500.0,680.0,3965.0,67000.0,14800.0,12250.0,7440.0,5360.0
2018-03-07,7450.0,10600.0,77300.0,11800.0,10450.0,286000.0,160500.0,66400.0,124000.0,2725.0,322500.0,8330.0,74000.0,676.0,3930.0,66900.0,15350.0,12300.0,7440.0,5290.0
2018-03-08,7460.0,11100.0,78300.0,12100.0,10450.0,286500.0,163000.0,66900.0,122000.0,2770.0,327000.0,8180.0,73600.0,684.0,3965.0,68300.0,15750.0,12050.0,7400.0,5300.0
2018-03-09,7430.0,11150.0,78300.0,12250.0,10500.0,289500.0,168000.0,67800.0,128000.0,2785.0,333000.0,8360.0,75000.0,683.0,4125.0,68100.0,16000.0,12350.0,7400.0,5580.0
2018-03-12,7480.0,11350.0,77300.0,13300.0,10850.0,296500.0,166500.0,68000.0,127500.0,2790.0,333000.0,8640.0,74200.0,679.0,4185.0,68800.0,15850.0,12600.0,7460.0,5600.0
2018-03-13,7330.0,11350.0,76800.0,13700.0,10750.0,293500.0,164000.0,68300.0,128000.0,2775.0,326000.0,8640.0,74500.0,671.0,4160.0,68200.0,15850.0,12400.0,7400.0,5710.0
2018-03-14,7350.0,12250.0,75000.0,14350.0,10650.0,294000.0,163000.0,68100.0,129000.0,2780.0,327500.0,8520.0,74500.0,659.0,4140.0,67900.0,15500.0,11900.0,7300.0,5770.0
2018-03-15,7330.0,12200.0,77300.0,14100.0,10650.0,297000.0,165000.0,68600.0,130500.0,2810.0,340500.0,8500.0,74500.0,657.0,4150.0,67200.0,15450.0,11950.0,7290.0,5910.0
2018-03-16,7250.0,12650.0,77600.0,14200.0,10600.0,295500.0,166000.0,68500.0,130500.0,2820.0,340000.0,8620.0,75000.0,709.0,4180.0,67100.0,16700.0,12300.0,7320.0,5740.0
2018-03-19,7110.0,12150.0,77100.0,14250.0,10750.0,299000.0,164000.0,67200.0,136000.0,2800.0,333000.0,8430.0,75200.0,795.0,4175.0,66800.0,16700.0,12100.0,7220.0,5600.0
2018-03-20,7130.0,12100.0,76700.0,14250.0,10800.0,299500.0,163000.0,67800.0,137500.0,2785.0,333500.0,8320.0,75400.0,760.0,4195.0,66800.0,16650.0,12100.0,7220.0,5700.0
2018-03-21,7190.0,11300.0,75300.0,14500.0,11050.0,299000.0,162500.0,67700.0,137000.0,2805.0,329000.0,8250.0,75400.0,783.0,4130.0,66900.0,16400.0,12000.0,7460.0,5640.0
2018-03-22,7190.0,11350.0,73900.0,15050.0,11200.0,296000.0,162000.0,67100.0,134500.0,2750.0,332500.0,8300.0,75400.0,763.0,4210.0,67700.0,16400.0,12450.0,7410.0,5620.0
2018-03-23,6980.0,10850.0,72100.0,15250.0,10750.0,288000.0,157500.0,64700.0,130000.0,2695.0,322500.0,8160.0,74500.0,759.0,4060.0,65800.0,15250.0,12000.0,7390.0,5350.0
2018-03-26,7010.0,11350.0,72700.0,13550.0,10850.0,288000.0,156500.0,66400.0,132000.0,2685.0,323000.0,8120.0,75300.0,782.0,4085.0,64900.0,15300.0,12000.0,7380.0,5400.0
2018-03-27,7010.0,11350.0,73400.0,12750.0,10900.0,289000.0,157000.0,66600.0,134000.0,2730.0,326000.0,8500.0,76400.0,799.0,4155.0,64700.0,15150.0,11950.0,7390.0,5480.0
2018-03-28,6960.0,11450.0,71100.0,12400.0,10600.0,289000.0,155000.0,66600.0,130500.0,2705.0,320000.0,8170.0,75500.0,819.0,4055.0,65200.0,14700.0,11500.0,7380.0,5360.0
2018-03-29,7100.0,12700.0,71900.0,12650.0,10650.0,285000.0,157500.0,67800.0,137500.0,2705.0,320000.0,8470.0,75200.0,833.0,4120.0,66000.0,14500.0,11650.0,7110.0,5400.0
2018-03-30,7120.0,12900.0,72900.0,13100.0,10400.0,288000.0,159000.0,68000.0,137500.0,2730.0,321500.0,8390.0,76000.0,828.0,4120.0,65000.0,14750.0,11650.0,7220.0,5610.0
2018-04-02,7170.0,13000.0,74600.0,13250.0,10400.0,287000.0,164000.0,68600.0,138000.0,2735.0,329500.0,8440.0,75900.0,800.0,4140.0,63800.0,14150.0,11400.0,7300.0,5510.0
2018-04-03,7070.0,13100.0,75000.0,13400.0,10150.0,286000.0,166500.0,72300.0,139000.0,2780.0,337000.0,8410.0,76500.0,787.0,4085.0,61700.0,14100.0,10950.0,7250.0,5530.0
2018-04-04,6970.0,12550.0,73800.0,12900.0,10200.0,283000.0,163000.0,72200.0,136000.0,2755.0,330500.0,8200.0,77100.0,768.0,4040.0,61900.0,13450.0,10950.0,7240.0,5430.0
2018-04-05,6970.0,13050.0,76300.0,12900.0,10200.0,283000.0,160500.0,70900.0,136000.0,2770.0,324500.0,8200.0,77300.0,787.0,4070.0,61300.0,14050.0,10900.0,7400.0,5530.0
2018-04-06,6920.0,12950.0,76400.0,12750.0,10200.0,288500.0,158000.0,71300.0,136500.0,2730.0,323000.0,8120.0,76900.0,778.0,4095.0,60500.0,13800.0,11050.0,7400.0,5450.0
2018-04-09,6870.0,12450.0,76100.0,12850.0,10150.0,289000.0,160000.0,75600.0,139000.0,2705.0,322500.0,8040.0,76600.0,769.0,4055.0,61000.0,13800.0,11100.0,7390.0,5370.0
2018-04-10,6940.0,12250.0,76600.0,12450.0,10300.0,288500.0,159000.0,74200.0,137500.0,2680.0,320500.0,7920.0,76500.0,755.0,4065.0,60200.0,13450.0,11200.0,7310.0,5340.0
2018-04-11,6860.0,13050.0,74700.0,12600.0,10300.0,288000.0,159500.0,74700.0,137000.0,2685.0,328000.0,7980.0,76400.0,775.0,4070.0,58800.0,13550.0,11150.0,7330.0,5410.0
2018-04-12,6950.0,12900.0,73700.0,13150.0,10300.0,288500.0,159000.0,73600.0,135000.0,2700.0,324500.0,7900.0,77000.0,768.0,4005.0,58800.0,14400.0,11350.0,7300.0,5440.0
2018-04-13,6990.0,12750.0,72500.0,12750.0,10550.0,286000.0,157500.0,74200.0,144000.0,2715.0,326000.0,7620.0,76900.0,800.0,4070.0,59500.0,14050.0,11500.0,7260.0,5660.0
2018-04-16,6900.0,13450.0,73600.0,12850.0,10550.0,285500.0,156000.0,74700.0,145000.0,2745.0,324500.0,7560.0,76900.0,781.0,4050.0,59800.0,14150.0,11700.0,7240.0,5680.0
2018-04-17,6830.0,12850.0,74700.0,12950.0,10400.0,284000.0,158000.0,76000.0,146500.0,2760.0,321500.0,7540.0,76700.0,770.0,4035.0,60500.0,14100.0,11650.0,7230.0,5650.0
2018-04-18,6670.0,13350.0,73500.0,12800.0,10400.0,283000.0,160500.0,75500.0,149500.0,2790.0,322500.0,8010.0,76800.0,776.0,4135.0,60900.0,14250.0,11700.0,7210.0,5550.0
2018-04-19,6660.0,14200.0,73100.0,12450.0,10400.0,281500.0,159500.0,74000.0,150500.0,2800.0,320500.0,8200.0,76700.0,780.0,4140.0,59900.0,14250.0,11650.0,7220.0,5750.0
2018-04-20,6890.0,14650.0,73900.0,12650.0,10350.0,285000.0,159500.0,74900.0,155000.0,2830.0,321500.0,8470.0,76600.0,793.0,4185.0,60400.0,14500.0,11700.0,7220.0,5800.0
2018-04-23,6660.0,14700.0,73700.0,12700.0,10350.0,282500.0,161000.0,74500.0,155500.0,2830.0,332000.0,8390.0,77100.0,783.0,4180.0,62700.0,13600.0,11900.0,7380.0,6250.0
2018-04-24,6620.0,14750.0,74900.0,12550.0,10450.0,282500.0,164000.0,74800.0,155000.0,2835.0,340500.0,8560.0,77400.0,802.0,4410.0,62700.0,13600.0,11950.0,7300.0,6110.0
2018-04-25,6460.0,14150.0,73700.0,12350.0,10350.0,282000.0,159500.0,77000.0,152000.0,2820.0,340000.0,8970.0,78900.0,786.0,4595.0,63100.0,13450.0,12050.0,7290.0,6250.0
2018-04-26,6460.0,14000.0,74900.0,12550.0,10350.0,282000.0,159500.0,76700.0,154500.0,2840.0,332000.0,8930.0,78900.0,778.0,4605.0,62800.0,13400.0,12050.0,7300.0,6220.0
2018-04-27,6450.0,14100.0,73600.0,12550.0,10300.0,282000.0,160000.0,74700.0,153000.0,2825.0,334500.0,9080.0,79100.0,795.0,4665.0,61900.0,13400.0,12050.0,7290.0,6130.0
2018-04-30,6360.0,13550.0,73000.0,12700.0,10450.0,282500.0,162500.0,74300.0,156500.0,2820.0,343000.0,8540.0,79500.0,809.0,4680.0,62900.0,13450.0,12000.0,8280.0,6250.0
2018-05-02,6320.0,13750.0,72800.0,13850.0,10500.0,283000.0,165000.0,75700.0,157000.0,2890.0,345000.0,9050.0,80300.0,874.0,4675.0,62400.0,13800.0,12000.0,8580.0,6370.0
2018-05-03,6350.0,14500.0,72600.0,13400.0,10350.0,281500.0,164000.0,73500.0,153000.0,2860.0,341000.0,9220.0,80400.0,860.0,4565.0,63100.0,13800.0,12050.0,8100.0,6170.0
2018-05-04,6230.0,14550.0,74700.0,13150.0,10150.0,281500.0,165500.0,73400.0,154000.0,3055.0,342500.0,9000.0,77900.0,859.0,4570.0,61800.0,13400.0,11700.0,8240.0,6300.0
2018-05-08,6170.0,14500.0,73800.0,12800.0,10250.0,281500.0,162500.0,72500.0,152000.0,2995.0,342500.0,8950.0,85400.0,900.0,4555.0,61500.0,13800.0,11300.0,8250.0,6300.0
2018-05-09,6180.0,13900.0,77000.0,12900.0,10100.0,279500.0,162500.0,72800.0,154000.0,2935.0,342000.0,8800.0,83800.0,903.0,4500.0,61300.0,14300.0,11300.0,8170.0,6010.0
2018-05-10,6190.0,14100.0,76800.0,12800.0,10050.0,278000.0,164000.0,71400.0,165500.0,3020.0,359500.0,9770.0,84500.0,920.0,4535.0,59800.0,14450.0,11100.0,8100.0,6100.0
2018-05-11,6140.0,13650.0,78300.0,13000.0,10000.0,277000.0,169000.0,77000.0,174500.0,2995.0,356500.0,9950.0,101000.0,993.0,4695.0,61400.0,14600.0,11300.0,8400.0,6550.0
2018-05-14,6200.0,13550.0,78100.0,12750.0,10150.0,277000.0,169500.0,77100.0,175000.0,3025.0,359500.0,9610.0,96000.0,1210.0,4765.0,61500.0,14900.0,11300.0,8680.0,6650.0
2018-05-15,6360.0,13450.0,76700.0,12600.0,10250.0,277000.0,167500.0,76000.0,171500.0,3360.0,351500.0,9600.0,94100.0,1105.0,4800.0,60800.0,15400.0,11250.0,8290.0,6670.0
2018-05-16,6210.0,12700.0,77000.0,12300.0,10500.0,275000.0,164000.0,77300.0,164500.0,3220.0,354500.0,9780.0,84500.0,1045.0,4995.0,61800.0,15250.0,11400.0,7990.0,6110.0
2018-05-17,6150.0,12850.0,75600.0,12300.0,10400.0,275000.0,165000.0,76400.0,161500.0,3220.0,350500.0,10150.0,84600.0,1050.0,4970.0,60500.0,15000.0,11000.0,8010.0,6150.0
2018-05-18,6100.0,12750.0,77700.0,12350.0,10450.0,276500.0,166500.0,75600.0,162000.0,3275.0,347500.0,10200.0,86100.0,1055.0,4920.0,60600.0,15100.0,10900.0,8080.0,6120.0
2018-05-21,6100.0,12400.0,77200.0,12200.0,10350.0,276000.0,165500.0,73700.0,158000.0,3205.0,346500.0,10050.0,85900.0,1085.0,4795.0,61400.0,15150.0,11050.0,8040.0,6030.0
2018-05-23,5940.0,11850.0,76400.0,12200.0,10300.0,274000.0,163500.0,71700.0,156000.0,3175.0,345000.0,9700.0,86700.0,1110.0,4745.0,59700.0,15400.0,10850.0,7860.0,5940.0
2018-05-24,5940.0,12000.0,77900.0,12150.0,10300.0,271500.0,160500.0,70100.0,156000.0,3100.0,342500.0,9460.0,82800.0,1175.0,4690.0,60000.0,15150.0,10650.0,7700.0,5810.0
2018-05-25,5990.0,11600.0,76600.0,11900.0,10250.0,271000.0,155000.0,68300.0,150500.0,2990.0,337000.0,9240.0,77900.0,1175.0,4585.0,60200.0,15250.0,10600.0,7360.0,5480.0
2018-05-28,6200.0,11950.0,78400.0,11950.0,9870.0,271000.0,156500.0,66900.0,157000.0,3125.0,343000.0,9380.0,85200.0,1140.0,4735.0,59300.0,15600.0,10500.0,7800.0,5900.0
2018-05-29,6700.0,11750.0,78000.0,11700.0,9770.0,270500.0,154000.0,66700.0,151000.0,3035.0,346500.0,9960.0,81000.0,1110.0,4650.0,59000.0,15900.0,10750.0,7610.0,5700.0
2018-05-30,6490.0,11550.0,77600.0,11400.0,9430.0,269500.0,146000.0,65700.0,148000.0,3000.0,340500.0,9560.0,82000.0,1105.0,4545.0,57200.0,16700.0,10400.0,7910.0,5740.0
2018-05-31,6610.0,11400.0,80500.0,11350.0,9530.0,269500.0,148000.0,66000.0,149500.0,3165.0,350500.0,9510.0,82200.0,1145.0,4505.0,58500.0,17000.0,10350.0,7840.0,5800.0
2018-06-01,6600.0,11800.0,80700.0,11450.0,9480.0,270000.0,146500.0,66400.0,148000.0,3050.0,355500.0,9460.0,82500.0,1150.0,4440.0,58500.0,17550.0,10350.0,7690.0,5750.0
2018-06-04,6560.0,11600.0,80000.0,11500.0,9790.0,273000.0,146500.0,65600.0,153000.0,3200.0,357500.0,9220.0,81300.0,1155.0,4435.0,60200.0,17150.0,10500.0,7430.0,5720.0
2018-06-05,6550.0,11550.0,80000.0,11650.0,9770.0,273000.0,147000.0,66500.0,152500.0,3180.0,364000.0,9140.0,81500.0,1180.0,4435.0,61000.0,18550.0,10700.0,7370.0,5610.0
2018-06-07,6550.0,11500.0,80600.0,11900.0,10000.0,273000.0,153000.0,66100.0,154000.0,3180.0,379000.0,9220.0,82000.0,1180.0,4585.0,61600.0,18450.0,10650.0,7430.0,5770.0
2018-06-08,6450.0,11700.0,82000.0,11800.0,10000.0,273000.0,151000.0,67600.0,154000.0,3155.0,372500.0,9820.0,82100.0,1175.0,4580.0,61100.0,18900.0,10800.0,7570.0,5750.0
2018-06-11,6430.0,11700.0,84100.0,11850.0,10050.0,273000.0,154500.0,68000.0,161500.0,3280.0,380500.0,9980.0,83400.0,1160.0,4690.0,61000.0,19050.0,10850.0,7630.0,5730.0
2018-06-12,6310.0,11750.0,85900.0,11700.0,10150.0,272500.0,154500.0,68000.0,161500.0,3185.0,381500.0,10000.0,83500.0,1130.0,4690.0,61100.0,18800.0,11100.0,7480.0,5670.0
2018-06-14,6380.0,12150.0,86500.0,11400.0,9790.0,271500.0,150500.0,66100.0,156500.0,3180.0,372000.0,10100.0,82700.0,1030.0,4520.0,60200.0,19400.0,10700.0,7280.0,5460.0
2018-06-15,6210.0,12050.0,83300.0,11100.0,9720.0,271000.0,149500.0,66400.0,152000.0,3215.0,368000.0,9900.0,85400.0,1050.0,4480.0,60000.0,19350.0,11000.0,7280.0,5380.0
2018-06-18,5920.0,11300.0,79200.0,11100.0,9710.0,263500.0,146000.0,63100.0,153000.0,3080.0,359000.0,10350.0,87500.0,1010.0,4355.0,63100.0,19450.0,10800.0,7120.0,5250.0
2018-06-19,5970.0,10850.0,77600.0,11250.0,9640.0,258500.0,142500.0,62700.0,154000.0,3065.0,353000.0,10150.0,86900.0,995.0,4310.0,65400.0,19050.0,10550.0,6780.0,5080.0
2018-06-20,5990.0,11050.0,79700.0,11100.0,9540.0,258500.0,142500.0,63300.0,155500.0,3140.0,349500.0,10300.0,86200.0,1020.0,4390.0,63500.0,19350.0,10450.0,6880.0,5220.0
2018-06-21,6150.0,10650.0,79000.0,10800.0,9130.0,258500.0,140000.0,62000.0,158500.0,3390.0,350000.0,11050.0,86000.0,1015.0,4340.0,60500.0,19300.0,10050.0,6710.0,5100.0
2018-06-22,6080.0,10550.0,76500.0,10750.0,9330.0,258500.0,140500.0,64000.0,164000.0,3125.0,350500.0,10750.0,83500.0,1025.0,4250.0,60600.0,20700.0,10200.0,6600.0,4930.0
2018-06-25,6130.0,10800.0,75500.0,10950.0,9440.0,258500.0,143000.0,67600.0,164500.0,3100.0,355000.0,10750.0,83700.0,1000.0,4300.0,60200.0,19650.0,10350.0,6800.0,4970.0
2018-06-26,6150.0,10650.0,76200.0,10750.0,9490.0,253500.0,136500.0,67800.0,160000.0,3070.0,352000.0,10900.0,79700.0,971.0,4245.0,59700.0,19800.0,10500.0,6800.0,4870.0
2018-06-27,6180.0,10500.0,74900.0,10900.0,9250.0,250500.0,136500.0,66300.0,160000.0,3105.0,347500.0,10100.0,77600.0,947.0,4220.0,59600.0,20350.0,10200.0,6830.0,4730.0
2018-06-28,6040.0,10050.0,75300.0,10800.0,9160.0,249500.0,136500.0,67200.0,163000.0,2985.0,350500.0,10400.0,78700.0,925.0,4135.0,59200.0,19300.0,10000.0,6760.0,4600.0
2018-06-29,6110.0,10450.0,75400.0,10800.0,9350.0,248000.0,142000.0,67200.0,168000.0,2915.0,352500.0,10800.0,79500.0,956.0,4135.0,59000.0,19600.0,10250.0,6700.0,4685.0
2018-07-02,5970.0,10100.0,70200.0,10500.0,9100.0,247500.0,139000.0,65100.0,163000.0,2800.0,347500.0,10500.0,79300.0,912.0,3980.0,57300.0,18900.0,9900.0,6390.0,4375.0
2018-07-03,5870.0,9900.0,70100.0,10200.0,9080.0,245000.0,138500.0,66700.0,167500.0,2805.0,339000.0,10150.0,78600.0,935.0,3990.0,59300.0,19050.0,9830.0,6500.0,4425.0
2018-07-04,5790.0,9840.0,70600.0,10250.0,8970.0,245000.0,139000.0,66000.0,172500.0,2810.0,335500.0,9940.0,79200.0,975.0,3925.0,60600.0,18600.0,9830.0,6500.0,4460.0
2018-07-05,5840.0,9250.0,71000.0,10200.0,9080.0,244500.0,136500.0,64400.0,169500.0,2755.0,330500.0,9590.0,80500.0,952.0,3890.0,60100.0,18650.0,9850.0,6490.0,4430.0
2018-07-06,5830.0,9530.0,73000.0,10300.0,9370.0,244500.0,143500.0,65400.0,168500.0,2800.0,339500.0,9720.0,79000.0,922.0,3935.0,61900.0,18550.0,10000.0,6490.0,4565.0
2018-07-09,5800.0,9380.0,72900.0,10300.0,9460.0,245000.0,144000.0,65800.0,173000.0,2965.0,335500.0,9540.0,79500.0,889.0,3955.0,63100.0,18900.0,10100.0,6530.0,4440.0
2018-07-10,5800.0,10050.0,74400.0,10300.0,9440.0,245000.0,143500.0,66400.0,173000.0,2915.0,336500.0,10000.0,79300.0,912.0,3990.0,62100.0,18450.0,10150.0,6590.0,4560.0
2018-07-11,5820.0,9900.0,73200.0,10200.0,9280.0,258500.0,144500.0,66000.0,172500.0,2815.0,338500.0,10000.0,78700.0,907.0,3910.0,60900.0,18250.0,10050.0,6610.0,4610.0
2018-07-12,5700.0,9910.0,75000.0,10100.0,9060.0,264000.0,143500.0,65300.0,170500.0,2870.0,336000.0,10300.0,76300.0,904.0,3915.0,61100.0,18350.0,9800.0,6890.0,4705.0
2018-07-13,5650.0,10200.0,77700.0,10300.0,9180.0,265000.0,148500.0,65500.0,170000.0,2840.0,342000.0,9790.0,76900.0,904.0,4000.0,61500.0,18850.0,10050.0,6880.0,4700.0
2018-07-16,5540.0,10150.0,79000.0,9740.0,8990.0,261000.0,148000.0,65300.0,168000.0,2810.0,331500.0,9700.0,77000.0,912.0,3960.0,60300.0,18700.0,9850.0,6860.0,4695.0
2018-07-17,5540.0,10100.0,80300.0,9770.0,8910.0,261000.0,147500.0,64000.0,167500.0,2805.0,333000.0,9080.0,76500.0,904.0,3985.0,60200.0,18850.0,9860.0,6900.0,4725.0
2018-07-18,5410.0,10050.0,78300.0,9500.0,8770.0,258000.0,144500.0,64000.0,167000.0,2780.0,330000.0,9010.0,75500.0,885.0,3940.0,60400.0,18600.0,9720.0,6960.0,4620.0
2018-07-19,5370.0,9850.0,75800.0,9400.0,8710.0,258500.0,139000.0,62600.0,155000.0,2730.0,323000.0,8700.0,75200.0,862.0,3935.0,59400.0,18250.0,9570.0,6790.0,4450.0
2018-07-20,5330.0,10000.0,76400.0,9160.0,8740.0,258500.0,142500.0,63100.0,161500.0,2725.0,329500.0,9010.0,74400.0,827.0,3980.0,60700.0,18200.0,9630.0,6780.0,4400.0
2018-07-23,5150.0,9780.0,74900.0,9230.0,8770.0,257500.0,143000.0,63100.0,161000.0,2675.0,332000.0,8710.0,71800.0,792.0,3860.0,62800.0,17050.0,9550.0,6430.0,4250.0
2018-07-24,5170.0,10150.0,75800.0,9370.0,8820.0,255000.0,143000.0,62500.0,155500.0,2690.0,335000.0,8770.0,73700.0,811.0,3860.0,63500.0,17400.0,9550.0,6500.0,4345.0
2018-07-25,5050.0,10050.0,76500.0,9350.0,8990.0,252000.0,141000.0,60700.0,156500.0,2670.0,335000.0,8560.0,73700.0,800.0,3890.0,62900.0,17350.0,9740.0,6510.0,4310.0
2018-07-26,5230.0,10300.0,78200.0,9350.0,8940.0,254000.0,140000.0,60100.0,157500.0,2715.0,334000.0,8840.0,73900.0,815.0,3960.0,61100.0,16500.0,9770.0,6610.0,4445.0
2018-07-27,5270.0,10800.0,77600.0,9350.0,8890.0,256500.0,138500.0,59300.0,156500.0,2725.0,334500.0,8790.0,74900.0,877.0,3980.0,61600.0,17550.0,9650.0,6650.0,4480.0
2018-07-30,5270.0,11200.0,75600.0,9360.0,8920.0,255500.0,138000.0,60100.0,154000.0,2795.0,334500.0,8970.0,75800.0,875.0,3940.0,63900.0,16750.0,9550.0,6760.0,4570.0
2018-07-31,5260.0,11400.0,77200.0,9510.0,8970.0,257500.0,140500.0,60100.0,151000.0,2785.0,338000.0,9130.0,74600.0,865.0,3925.0,64500.0,16800.0,9350.0,6760.0,4590.0
2018-08-01,5430.0,11500.0,77100.0,9540.0,8930.0,258500.0,141000.0,61200.0,152000.0,2790.0,342500.0,8850.0,74200.0,850.0,4075.0,65500.0,17250.0,9890.0,6770.0,4550.0
2018-08-02,5390.0,11450.0,76400.0,9370.0,8660.0,258000.0,140500.0,60700.0,151500.0,2735.0,339500.0,8660.0,73400.0,845.0,3970.0,63800.0,17000.0,10250.0,6560.0,4430.0
2018-08-03,5350.0,11550.0,76600.0,9490.0,8500.0,256000.0,140500.0,61000.0,154000.0,2765.0,344000.0,8800.0,73600.0,843.0,4060.0,65000.0,17000.0,10100.0,6630.0,4490.0
2018-08-06,5380.0,11400.0,75800.0,9590.0,8590.0,254000.0,143500.0,61000.0,151500.0,2765.0,347000.0,9080.0,73000.0,836.0,4145.0,68000.0,16450.0,10200.0,6640.0,4505.0
2018-08-07,5360.0,11750.0,76000.0,9540.0,8570.0,254000.0,145000.0,60600.0,152500.0,2765.0,343500.0,9310.0,72900.0,836.0,4120.0,68100.0,16100.0,10250.0,6700.0,4475.0
2018-08-08,5270.0,11900.0,75400.0,9490.0,8560.0,251000.0,143500.0,60000.0,150500.0,2765.0,339500.0,9010.0,72400.0,832.0,4250.0,66200.0,16950.0,10200.0,6700.0,4580.0
2018-08-09,5230.0,12000.0,74800.0,9600.0,8510.0,248000.0,142000.0,58700.0,151000.0,2760.0,341500.0,9290.0,72800.0,830.0,4250.0,66200.0,16050.0,10000.0,6710.0,4585.0
2018-08-10,5240.0,12100.0,74800.0,9750.0,8530.0,246000.0,146000.0,59300.0,150500.0,2705.0,354000.0,9240.0,73100.0,822.0,4210.0,67600.0,15800.0,10100.0,6650.0,4595.0
2018-08-13,5090.0,11300.0,72000.0,9570.0,8400.0,250000.0,142000.0,53200.0,143500.0,2655.0,349000.0,9120.0,73100.0,796.0,4060.0,67200.0,15550.0,9860.0,6530.0,4505.0
2018-08-14,5090.0,12100.0,73000.0,9600.0,8410.0,251500.0,142500.0,55000.0,144500.0,2665.0,344500.0,9020.0,73200.0,808.0,4125.0,68100.0,16200.0,10000.0,6580.0,4505.0
2018-08-16,5090.0,12150.0,72200.0,9380.0,8250.0,257000.0,141000.0,53800.0,145000.0,2625.0,339500.0,8870.0,72900.0,781.0,4330.0,68300.0,16600.0,9980.0,6750.0,4380.0
2018-08-17,5090.0,12100.0,71700.0,9410.0,8100.0,259000.0,138500.0,52000.0,143500.0,2650.0,340500.0,8890.0,73400.0,810.0,4270.0,68200.0,16250.0,9970.0,6870.0,4420.0
2018-08-20,5090.0,12300.0,71000.0,9430.0,8220.0,259000.0,137500.0,51100.0,147500.0,2655.0,337000.0,8750.0,73400.0,799.0,4250.0,68500.0,16200.0,10100.0,7130.0,4440.0
2018-08-21,5040.0,12500.0,70500.0,9540.0,8280.0,261500.0,140000.0,52200.0,152000.0,2690.0,337000.0,8680.0,73800.0,803.0,4285.0,67800.0,16950.0,10200.0,7260.0,4445.0
2018-08-22,5040.0,12450.0,69100.0,9570.0,8260.0,263000.0,139000.0,52800.0,154500.0,2685.0,337500.0,8740.0,72500.0,830.0,4260.0,67000.0,17100.0,10150.0,7300.0,4440.0
2018-08-23,5060.0,12850.0,67900.0,9400.0,8200.0,261500.0,136000.0,53000.0,157000.0,2680.0,337500.0,8050.0,71200.0,836.0,4240.0,67300.0,17250.0,9990.0,7240.0,4440.0
2018-08-24,5060.0,12900.0,67200.0,9370.0,8220.0,260500.0,134500.0,52500.0,154500.0,2690.0,338500.0,8150.0,69000.0,843.0,4250.0,66100.0,17250.0,10100.0,7350.0,4345.0
2018-08-27,5020.0,13200.0,67200.0,9520.0,8200.0,258500.0,135000.0,55400.0,154000.0,2690.0,341000.0,7970.0,65800.0,810.0,4260.0,63300.0,17300.0,10200.0,7390.0,4310.0
2018-08-28,5020.0,13250.0,67400.0,9830.0,8300.0,257500.0,135000.0,54600.0,153500.0,2680.0,349000.0,7800.0,65600.0,810.0,4260.0,63900.0,17700.0,10300.0,7410.0,4295.0
2018-08-29,4995.0,12950.0,67000.0,9670.0,8290.0,260500.0,135500.0,54100.0,153500.0,2675.0,343000.0,7890.0,66300.0,810.0,4290.0,63300.0,18250.0,10450.0,7410.0,4350.0
2018-08-30,5210.0,13200.0,66000.0,9520.0,8250.0,259000.0,132500.0,53500.0,153000.0,2685.0,339500.0,7990.0,68200.0,810.0,4230.0,62900.0,18300.0,10250.0,7410.0,4395.0
2018-08-31,5260.0,13700.0,67200.0,9440.0,8340.0,259000.0,132000.0,53000.0,154000.0,2675.0,342500.0,8560.0,68100.0,813.0,4195.0,64000.0,18350.0,10250.0,7380.0,4450.0
2018-09-03,5160.0,13700.0,66300.0,9320.0,8310.0,269500.0,132000.0,52500.0,152000.0,2685.0,345000.0,8380.0,67300.0,801.0,4180.0,63300.0,18400.0,10150.0,7370.0,4400.0
2018-09-04,5240.0,13600.0,65300.0,9230.0,8270.0,266500.0,133500.0,52900.0,148000.0,2710.0,337000.0,9160.0,67600.0,801.0,4160.0,63800.0,18400.0,10050.0,7310.0,4400.0
2018-09-05,5300.0,13950.0,66000.0,9210.0,8210.0,264500.0,132500.0,52900.0,152000.0,2710.0,334000.0,9420.0,68700.0,797.0,4150.0,63900.0,18450.0,10150.0,7320.0,4410.0
2018-09-06,5630.0,14050.0,65000.0,9160.0,8170.0,270000.0,133500.0,52400.0,155500.0,2730.0,332500.0,9920.0,68700.0,783.0,4120.0,64500.0,17850.0,10000.0,7340.0,4440.0
2018-09-07,5720.0,14600.0,63500.0,9320.0,8320.0,276500.0,133500.0,52000.0,161500.0,2750.0,332500.0,10250.0,69100.0,793.0,4140.0,64500.0,17800.0,10100.0,7110.0,4430.0
2018-09-10,5850.0,14300.0,61700.0,9660.0,8400.0,275500.0,133000.0,51000.0,167000.0,2795.0,333500.0,10250.0,69100.0,795.0,4140.0,64000.0,17200.0,10300.0,7140.0,4495.0
2018-09-11,5860.0,14000.0,61600.0,9710.0,8350.0,278000.0,133500.0,51000.0,165000.0,2805.0,328000.0,9950.0,71600.0,799.0,4155.0,63800.0,16800.0,10200.0,7100.0,4570.0
2018-09-12,5800.0,14200.0,62200.0,9710.0,8330.0,280500.0,133500.0,51900.0,166500.0,2800.0,326500.0,9440.0,70200.0,798.0,4145.0,63700.0,17150.0,10100.0,7080.0,4630.0
2018-09-13,6000.0,14150.0,62400.0,9850.0,8390.0,274500.0,134000.0,52900.0,166000.0,2865.0,332000.0,9550.0,69700.0,800.0,4170.0,62400.0,17000.0,10000.0,7070.0,4645.0
2018-09-14,6490.0,15000.0,64300.0,9720.0,8390.0,274000.0,139000.0,54700.0,165500.0,2790.0,327500.0,9490.0,69800.0,803.0,4275.0,62800.0,17350.0,10250.0,7090.0,4615.0
2018-09-17,6800.0,15800.0,63300.0,9560.0,8370.0,271500.0,136000.0,53600.0,164500.0,2825.0,327500.0,9900.0,69200.0,800.0,4230.0,62900.0,16900.0,10050.0,7100.0,4550.0
2018-09-18,6910.0,16500.0,62400.0,9300.0,8210.0,274000.0,135500.0,54200.0,162000.0,2950.0,325500.0,9570.0,69100.0,802.0,4210.0,62600.0,16900.0,9940.0,7090.0,4540.0
2018-09-19,6970.0,16200.0,61800.0,9230.0,8200.0,270500.0,133000.0,52600.0,162000.0,2825.0,325500.0,9350.0,69000.0,880.0,4210.0,64100.0,16750.0,9830.0,6990.0,4500.0
2018-09-20,7030.0,16200.0,60600.0,9170.0,8240.0,273500.0,133500.0,52500.0,158000.0,2765.0,328000.0,9710.0,68800.0,951.0,4200.0,65100.0,16500.0,9930.0,6940.0,4380.0
2018-09-21,6490.0,15750.0,60300.0,9370.0,8340.0,273000.0,135500.0,52500.0,158000.0,2790.0,331000.0,9770.0,69000.0,990.0,4185.0,66700.0,16450.0,10050.0,6960.0,4460.0
2018-09-27,6360.0,14050.0,62000.0,9350.0,8500.0,273000.0,134000.0,52400.0,156000.0,2790.0,330500.0,9920.0,68500.0,940.0,4280.0,71500.0,15850.0,10150.0,6910.0,4470.0
2018-09-28,6160.0,13500.0,61200.0,9400.0,8600.0,272000.0,135000.0,51900.0,158000.0,2790.0,333500.0,10200.0,68000.0,980.0,4280.0,72800.0,15800.0,10150.0,6930.0,4465.0
2018-10-01,6180.0,13450.0,59500.0,9320.0,8660.0,270000.0,135500.0,51900.0,158000.0,2765.0,331500.0,10050.0,68500.0,947.0,4300.0,73700.0,15650.0,10450.0,7060.0,4465.0
